userId,movieId,rating,timestamp
5004,1,3.0,860247299
5004,6,3.0,860247360
5004,17,3.0,860247299
5004,25,3.0,860247300
5004,32,4.0,860247299
5005,1,5.0,848706017
5009,2,1.0,974776704
5009,6,3.0,974777639
5009,21,3.0,974775773
5009,32,5.0,974777113
5013,17,5.0,880382111
5013,21,3.0,880384470
5013,25,2.0,880383276
5013,34,2.0,880383786
5017,32,3.0,939141296
5020,10,3.0,845553893
5020,21,4.0,845553990
5020,34,3.0,845553954
5023,32,5.0,860180920
5024,1,3.5,1148940455
5024,19,1.5,1148939238
5024,32,3.0,1148939712
5028,1,4.0,1043014552
5030,10,1.5,1225921335
5030,21,2.0,1225998216
5030,25,4.0,1225998340
5030,32,4.0,1225920459
5030,34,1.5,1225998012
5031,1,3.0,1452654776
5031,17,4.0,1452655809
5034,2,4.0,939041352
5034,32,5.0,939038297
5035,1,3.0,1440620447
5037,1,4.5,1108950021
5038,1,4.0,992072722
5038,6,5.0,992215649
5038,10,5.0,992302163
5038,17,3.0,992073888
5038,21,4.0,992073985
5038,25,5.0,992073514
5038,32,4.0,992073611
5039,1,4.0,864038200
5039,32,4.0,864038200
5040,1,4.0,1435049202
5040,2,4.0,1434975049
5040,32,3.0,1434971786
5042,1,5.0,832333642
5042,34,4.0,832333666
5045,1,5.0,1028940907
5045,10,2.0,1028751931
5045,19,2.0,1028751522
5045,32,4.0,1028762391
5045,34,3.5,1098738806
5046,6,3.0,837674061
5046,10,3.0,837673598
5046,19,3.0,837673685
5046,21,4.0,837673685
5046,32,4.0,837673735
5048,1,4.0,1225304790
5048,10,4.0,1225304875
5048,32,1.0,1225304818
5051,21,4.0,841247353
5051,32,5.0,841246845
5052,17,3.0,965322918
5057,1,5.0,862557025
5057,6,3.0,862557062
5057,17,3.0,862557025
5057,25,4.0,862557026
5057,32,4.0,862557025
5058,1,4.0,1134325470
5059,17,4.0,852201217
5068,1,1.0,1432741224
5073,1,4.0,851501012
5073,17,3.0,851501012
5073,25,5.0,851501012
5073,32,4.0,851501012
5075,34,3.0,1034278444
5077,1,5.0,865126994
5077,32,3.0,865126994
5079,1,4.0,1292580724
5079,34,2.0,1292580743
5081,1,5.0,976055820
5084,1,5.0,1005121198
5084,25,3.0,1005118123
5085,17,5.0,843836651
5085,21,4.0,843836526
5085,25,3.0,843836800
5089,1,4.0,942428093
5089,32,3.0,942426182
5091,19,3.5,1159673051
5095,6,3.0,962084005
5097,1,4.0,860351511
5097,6,3.0,860351569
5097,17,4.0,860351511
5097,25,3.0,860351511
5097,32,5.0,860351511
5100,1,4.0,1374810617
5104,1,2.0,975220910
5104,2,0.5,1056963953
5104,6,1.0,975027768
5104,10,2.0,975219468
5104,17,3.0,975027499
5104,19,1.0,975222655
5104,21,3.0,975029284
5104,25,4.0,975027455
5104,32,4.0,975223473
5104,34,5.0,975221039
5109,19,2.0,1167397274
5109,34,1.5,1167397320
5110,1,4.0,880975616
5110,6,3.0,880975434
5110,32,3.0,880975704
5114,32,5.0,991039631
5117,1,4.0,835833339
5117,2,4.0,835833524
5117,6,3.0,835833743
5117,10,5.0,835833314
5117,17,1.0,835834813
5117,19,2.0,835833372
5117,25,1.0,835833674
5117,32,4.0,835833415
5117,34,3.0,835833372
5121,1,3.5,1111524915
5121,17,2.0,1112306346
5121,19,3.5,1112565242
5121,34,2.0,1112565256
5123,6,5.0,880464235
5123,19,1.0,884005209
5123,25,5.0,880464124
5123,32,5.0,880464161
5126,19,3.0,844546387
5128,32,5.0,1311466086
5129,1,4.0,976347032
5129,10,3.0,988165915
5129,17,4.0,976346016
5131,1,3.0,1279567619
5131,2,2.5,1177445713
5131,19,3.0,1230561381
5131,32,3.0,1177427348
5131,34,1.5,1177445557
5133,1,3.0,1187567390
5133,6,4.0,1236083163
5133,10,2.5,1187544063
5133,19,0.5,1187536752
5133,21,3.5,1187543769
5133,25,1.5,1343336921
5133,32,5.0,1187567607
5134,1,3.5,1201380957
5134,2,3.0,1201381243
5134,19,3.0,1201381257
5134,21,4.5,1201381133
5135,10,3.0,839324501
5135,19,5.0,839324615
5135,21,5.0,839324615
5135,32,4.0,839324687
5135,34,1.0,839324583
5136,19,5.0,849285098
5136,34,3.0,849285063
5137,1,4.5,1223128274
5137,2,3.5,1223128626
5137,19,3.0,1223128655
5137,25,3.0,1223131023
5137,32,3.0,1223128312
5137,34,3.5,1223130954
5138,10,4.0,1339873311
5138,17,4.5,1339873385
5139,6,5.0,854947607
5139,21,5.0,854947866
5139,25,5.0,854947586
5139,32,4.0,854947586
5141,1,4.0,1112818572
5141,6,4.5,1112818682
5141,10,3.5,1136755341
5141,21,4.0,1112819204
5141,32,4.5,1112818699
5149,1,3.0,835619032
5149,34,4.0,835619055
5154,32,5.0,836593016
5157,10,3.0,836372837
5159,1,3.0,1449014873
5159,2,3.5,1449015130
5159,6,2.5,1448802759
5159,19,2.5,1449015142
5165,1,4.0,1091334260
5165,2,4.0,1091392082
5165,17,5.0,1091338098
5165,19,2.5,1091392107
5165,32,4.0,1091335379
5165,34,2.5,1091391550
5167,1,4.0,946321183
5167,25,4.0,946320258
5167,32,4.0,945467849
5171,1,4.0,1024359975
5171,34,4.5,1060376071
5172,1,4.0,1043852470
5172,2,2.5,1112818562
5172,6,2.5,1112803975
5172,10,3.0,1043854996
5172,17,3.5,1112803967
5172,19,3.0,1112818592
5172,21,4.0,1112803932
5172,25,4.0,1043853253
5172,32,4.0,1043853533
5172,34,4.0,1043852719
5173,32,4.5,1153682249
5183,10,3.0,844928064
5183,21,5.0,844928064
5183,25,3.0,844928115
5183,32,4.0,844928064
5191,10,3.0,974772413
5191,21,3.0,974771605
5191,32,3.0,974759914
5195,1,4.0,939516433
5197,17,5.0,865018148
5198,6,4.0,858255712
5198,17,4.0,858255443
5199,1,4.5,1068420419
5199,6,4.0,1068422300
5199,21,4.0,1068422288
5199,25,4.0,1068421137
5199,32,4.5,1068419223
5199,34,4.0,1068485795
5202,6,3.0,862503199
5202,32,4.0,862503143
5203,6,3.0,935521901
5205,6,5.0,847654754
5205,19,5.0,847654634
5205,34,4.0,847654606
5206,1,5.0,830179399
5206,10,4.0,830179399
5207,1,4.0,1155576172
5211,25,5.0,1009305951
5211,32,5.0,1009304656
5212,1,5.0,1431614346
5213,1,5.0,1001534298
5213,2,2.0,1001547153
5213,6,5.0,1001533316
5213,17,3.0,1001536869
5213,19,2.0,1001610107
5213,21,4.0,1001533448
5213,25,5.0,1001607478
5213,32,5.0,1001536068
5215,1,4.0,1443758401
5216,1,5.0,949709436
5216,17,4.0,953574412
5216,21,4.0,953574877
5216,25,4.0,953574471
5216,34,5.0,953574370
5217,1,2.0,879351130
5217,6,4.0,879350297
5217,17,4.0,879350642
5217,21,4.0,879352958
5217,25,5.0,879350499
5217,32,4.0,879350594
5217,34,5.0,879352138
5224,1,2.0,1139735437
5224,10,2.5,1135945625
5224,21,1.0,1146672596
5224,32,2.5,1135945532
5226,6,5.0,993779280
5226,10,4.0,993779616
5226,17,2.0,993765767
5227,32,3.5,1447081987
5233,1,4.5,1437774641
5233,2,4.0,1437774531
5233,17,4.0,1437774534
5235,1,5.0,1100633882
5235,10,3.0,1100633952
5235,32,3.5,1100633892
5235,34,4.0,1100633931
5245,21,4.0,848751224
5245,34,3.0,848751200
5247,1,4.5,1451089910
5247,6,4.5,1451091205
5248,19,1.5,1067896876
5252,1,4.0,859900102
5254,32,4.5,1446921417
5255,32,5.0,852336559
5256,10,4.0,837370662
5256,19,1.0,837371074
5256,21,5.0,837371093
5256,32,4.0,837370876
5256,34,2.0,837370767
5257,1,5.0,1318004071
5264,1,2.0,857174116
5264,17,3.0,857174116
5264,25,3.0,857174116
5264,32,4.0,857174115
5268,1,5.0,858179568
5268,6,4.0,858181398
5268,25,4.0,858179568
5269,6,5.0,1358785256
5269,32,3.5,1350737023
5271,1,3.0,1115488796
5271,2,4.5,1115489157
5274,1,3.0,1071514639
5274,6,4.0,1071510870
5274,17,2.5,1071524840
5274,21,3.5,1071511909
5274,25,4.0,1071524508
5274,32,3.0,1071521341
5274,34,3.0,1071518129
5276,1,4.0,1440856464
5278,1,3.5,1436349183
5278,2,2.5,1436349255
5279,17,3.0,867277026
5279,34,5.0,867277267
5281,10,3.0,833277692
5283,1,5.0,828218841
5283,2,5.0,828218841
5283,6,4.0,828218841
5283,10,5.0,828218841
5283,17,5.0,828218841
5283,21,3.0,828218841
5283,25,5.0,828218841
5283,32,5.0,828218841
5283,34,4.0,828219402
5286,17,4.0,845742285
5286,32,4.0,845742242
5286,34,4.0,845742215
5294,1,4.0,845223274
5294,21,3.0,848881461
5295,1,5.0,861544361
5295,17,4.0,861544361
5295,25,4.0,861544361
5295,32,3.0,861544360
5298,17,4.0,841787074
5298,19,2.0,841786776
5298,21,4.0,841786840
5298,32,3.0,841786935
5298,34,5.0,841786776
5302,1,4.0,1199957608
5302,17,3.0,1199957439
5303,10,5.0,836477993
5303,17,5.0,836478461
5303,21,4.0,836478178
5303,32,4.0,836478432
5303,34,5.0,836478179
5304,1,4.0,940934524
5304,6,5.0,940933686
5306,17,4.0,1153096377
5309,1,5.0,945039751
5309,32,4.0,945040037
5309,34,5.0,945039187
5310,2,3.0,828629176
5310,10,5.0,828629176
5310,17,5.0,840119502
5310,21,4.0,840119393
5310,32,5.0,828629176
5310,34,5.0,828629806
5319,10,3.0,839254739
5319,19,3.0,839254847
5319,21,4.0,839254847
5319,34,5.0,839254797
5320,34,4.0,831572323
5324,1,5.0,1120015920
5324,10,4.0,1113669730
5324,21,4.5,1113669718
5326,1,4.5,1074631187
5326,6,4.0,1037867289
5326,17,2.0,1037865814
5326,21,4.0,1037867158
5326,32,5.0,1074631113
5326,34,5.0,1037865443
5327,1,4.5,1220873900
5327,2,3.5,1220886630
5327,6,3.0,1220876086
5327,10,0.5,1269581077
5327,19,2.5,1220886801
5327,21,3.0,1220876083
5327,25,0.5,1269581560
5327,32,4.0,1220874182
5327,34,3.5,1220875292
5328,2,4.0,1042955509
5328,10,3.0,1042954538
5328,21,4.0,1042955118
5328,32,4.0,1047270424
5334,10,3.0,955087883
5336,1,4.0,1451249897
5336,2,3.5,1451256373
5336,32,4.0,1451255096
5336,34,3.0,1451256345
5338,1,4.0,1218721984
5338,2,3.5,1218723659
5338,21,3.5,1218722911
5338,32,3.5,1218722115
5339,1,3.0,1214369109
5339,34,4.0,1214369105
5340,10,3.0,1377816708
5341,19,3.0,839982420
5341,32,4.0,839982452
5343,1,3.0,1111253764
5343,10,3.0,1111253904
5343,21,3.5,1111253991
5343,32,5.0,1111253790
5343,34,2.5,1111253864
5345,1,3.0,1320851161
5347,2,4.0,976246312
5347,17,5.0,976246101
5348,1,4.0,1432336397
5354,1,2.0,1190893432
5354,2,1.5,1190896032
5354,34,1.5,1190893861
5355,2,3.0,995209322
5355,21,5.0,995208466
5362,1,3.0,866528922
5362,6,3.0,866528959
5362,17,3.0,866528922
5362,32,4.0,866528921
5367,21,4.0,1076812875
5369,1,3.5,1266360022
5369,32,1.0,1266360040
5370,34,3.0,849027824
5372,34,3.0,832364933
5375,1,4.0,891821362
5375,17,2.0,891821204
5375,25,4.0,891821499
5375,32,1.0,891821464
5379,1,5.0,858098326
5379,6,3.0,858098370
5379,25,3.0,858098327
5379,32,3.0,858098326
5385,25,4.0,1056768113
5385,32,4.5,1056767688
5388,2,4.0,836480236
5388,10,4.0,836479850
5388,21,4.0,836479884
5388,32,4.0,836479932
5388,34,4.0,836479885
5391,10,3.0,836736014
5391,17,1.0,836736288
5391,19,5.0,836736071
5391,21,1.0,836736071
5391,34,1.0,836736071
5392,1,4.5,1231217332
5392,17,4.5,1231496498
5392,34,4.0,1231813869
5394,1,4.0,868100600
5394,32,4.0,868100600
5396,1,3.0,857840353
5396,6,3.0,857840390
5396,25,4.0,857840355
5396,32,4.0,857840351
5399,2,2.0,835549562
5399,6,4.0,835549672
5399,19,2.0,835549393
5399,21,3.0,835548896
5399,32,2.0,835549393
5401,1,4.0,847323965
5401,6,5.0,847321673
5401,10,4.0,847321546
5401,34,3.0,847321641
5402,1,5.0,946086603
5402,21,4.0,946085988
5402,34,4.0,946086406
5405,1,3.0,1442909160
5406,17,3.0,862531921
5415,21,3.5,1417195480
5415,32,3.5,1443576655
5415,34,4.0,1417195445
5421,1,4.0,1260910493
5421,2,2.5,1260910732
5421,10,3.5,1260910572
5421,19,1.5,1260910739
5421,32,3.5,1260907487
5422,6,4.0,976503173
5422,17,5.0,976504790
5422,21,3.0,976506460
5422,34,4.0,976507177
5424,32,3.0,952640380
5426,10,3.0,834553058
5426,21,3.0,834717494
5426,32,4.0,834553920
5427,21,4.0,1084269488
5431,19,0.5,1138355421
5434,1,4.0,866254101
5434,25,4.0,866254102
5434,32,5.0,866254100
5436,1,4.0,1159955426
5437,32,5.0,1043184176
5439,2,4.0,839279760
5439,6,5.0,839279901
5439,17,4.0,839279780
5439,21,5.0,839279641
5439,25,5.0,839279847
5439,32,4.0,839279680
5439,34,4.0,839279621
5444,17,5.0,974077702
5444,25,5.0,974077582
5445,1,1.5,1201293886
5445,21,5.0,1201492678
5445,32,5.0,1254493878
5448,1,3.0,835512222
5448,2,5.0,835512393
5448,10,4.0,835512172
5448,19,2.0,835512286
5448,21,4.0,835512241
5452,2,3.0,945859394
5452,6,4.0,945677020
5452,10,4.0,945677591
5452,21,2.0,945677429
5452,32,1.0,945860870
5453,19,3.0,839067282
5453,34,3.0,839067256
5456,17,4.0,862958247
5456,25,1.0,862958247
5457,17,4.0,866084872
5457,25,3.0,866084873
5457,32,4.0,866084872
5461,34,3.0,837277347
5464,10,1.0,831858338
5468,1,5.0,1279295648
5469,2,3.0,835720236
5469,6,1.0,835718559
5469,19,1.0,835719825
5469,21,4.0,835718726
5469,32,5.0,835718617
5470,10,4.0,1241125247
5470,32,4.5,1241120998
5472,2,5.0,833734286
5472,19,3.0,833734007
5472,21,3.0,833733961
5472,34,3.0,833733962
5473,1,3.5,1448551019
5474,1,4.0,1074805420
5474,25,4.0,962882184
5474,34,4.0,962185427
5484,1,2.5,1301570401
5484,34,1.0,1301570123
5488,32,5.0,839004933
5489,34,3.0,832518817
5490,10,3.0,839886372
5490,19,3.0,839886457
5490,32,4.0,839886504
5490,34,4.0,839886429
5492,1,0.5,1438132720
5493,2,3.0,1109922299
5493,17,4.5,1109922294
5493,34,4.5,1109966823
5495,1,5.0,993336346
5499,32,4.5,1256466738
5501,19,4.0,1137186911
5501,32,3.0,1137187781
5502,19,4.0,913230801
5502,34,5.0,913229284
5503,2,3.0,844786214
5503,25,5.0,844786240
5503,32,5.0,844786180
5507,2,4.5,1380278204
5509,1,3.0,967306792
5509,32,5.0,967305396
5517,1,5.0,939801780
5517,25,5.0,939227591
5517,32,4.0,939833041
5517,34,5.0,939801740
5518,1,4.5,1112661836
5519,1,3.5,1442521203
5521,1,5.0,834259299
5521,2,5.0,834259515
5521,19,4.0,834259399
5522,19,3.0,1135640996
5525,2,2.0,1146296478
5525,6,2.0,1146295201
5525,10,3.0,1146295198
5527,32,3.0,855065309
5528,1,4.0,1241001940
5531,1,3.0,1088363613
5531,2,3.5,1088364006
5531,6,5.0,1088363845
5531,10,3.5,1088363711
5531,25,1.5,1088363819
5531,32,5.0,1088363534
5531,34,4.5,1088363681
5532,6,3.5,1308344860
5532,10,3.0,1308438949
5532,19,0.5,1308439165
5532,25,2.5,1308439094
5532,32,3.5,1308344992
5535,1,3.0,863634585
5535,6,3.0,863634673
5535,17,3.0,863634587
5535,25,1.0,863634587
5535,32,1.0,863636551
5536,1,4.0,852212373
5536,6,5.0,852212426
5536,25,5.0,852212373
5536,32,5.0,852212372
5539,32,4.0,942582082
5543,1,5.0,1140999116
5546,10,3.0,836829503
5546,19,1.0,836829555
5546,21,2.0,836829583
5546,34,4.0,836829555
5547,1,4.0,1122485671
5547,2,3.5,1122582873
5547,6,4.0,1122485957
5547,10,3.5,1122485846
5547,19,2.5,1122921611
5547,21,4.0,1122485872
5547,32,4.0,1122485712
5547,34,2.5,1122485789
5549,1,4.5,1436000479
5553,10,5.0,996215205
5553,19,2.0,996256258
5553,21,4.0,996219086
5554,2,2.0,969044891
5555,34,4.0,946348631
5557,1,3.0,862158015
5557,2,4.0,862159529
5557,10,4.0,862159396
5557,17,2.0,862158016
5557,21,4.0,862159346
5557,32,3.0,862158015
5558,34,4.0,830289310
5560,1,3.0,1210631985
5560,2,3.0,1210632351
5560,32,3.0,1210632011
5561,17,5.0,832524973
5561,34,4.0,832524904
5563,1,5.0,855006725
5563,6,3.0,855006836
5563,17,4.0,855006725
5563,25,4.0,855006725
5563,32,3.0,855006725
5565,1,4.0,862343376
5566,32,5.0,1227683315
5567,32,5.0,1162935742
5576,1,4.0,974771889
5576,2,3.0,999400308
5576,17,4.0,1107822229
5576,19,1.0,974774884
5576,21,4.0,974688200
5576,25,5.0,974687810
5576,32,3.0,974687225
5576,34,4.0,1053834638
5578,32,4.0,1312696709
5579,32,5.0,1154465405
5580,1,4.0,851685319
5580,17,3.0,851685319
5580,25,3.0,851685320
5580,32,3.0,851685318
5581,25,3.0,861128513
5581,32,4.0,861128512
5582,17,5.0,973730924
5583,17,3.0,938890872
5583,25,4.0,938897667
5583,34,4.0,938893073
5584,1,4.5,1158657979
5586,17,5.0,865433659
5586,25,5.0,865433659
5586,32,3.0,865433658
5588,1,4.5,1444616119
5591,19,4.0,1152023866
5592,6,4.0,959933899
5592,21,3.0,959933899
5592,25,5.0,959934377
5592,34,5.0,959934407
5602,32,3.5,1446617177
5603,1,5.0,974309291
5603,6,4.0,974309378
5608,1,4.0,1201037920
5608,10,3.0,1201037876
5608,34,3.5,1201037879
5612,17,4.0,960703128
5612,21,4.0,960702206
5612,25,4.0,960703159
5613,10,3.0,1003270089
5614,1,4.0,892215929
5614,10,3.0,892217609
5614,21,4.0,892217758
5614,32,4.0,892216506
5614,34,5.0,892218325
5617,2,5.0,1380080774
5620,1,4.0,1424723252
5622,6,4.0,1156564886
5622,10,1.0,1156568482
5622,19,2.5,1156379859
5622,25,4.5,1156564474
5622,32,4.0,1156564538
5623,1,4.0,852315913
5623,2,3.0,852318039
5623,6,2.0,852315952
5623,17,4.0,852316998
5623,19,4.0,852318211
5623,32,3.0,852315913
5623,34,5.0,852317915
5627,17,3.0,855350370
5627,34,4.0,850431463
5629,10,4.0,839571184
5630,1,3.5,1418140535
5630,2,3.5,1418144671
5630,34,2.5,1419632327
5631,1,4.0,848867955
5631,2,3.0,848867927
5631,10,2.0,848867691
5631,17,5.0,848867985
5631,25,4.0,848868070
5632,1,5.0,833550748
5632,2,2.0,833550944
5632,6,3.0,833551088
5632,10,3.0,833550725
5632,17,4.0,833550914
5632,21,4.0,833550804
5632,32,3.0,833550827
5632,34,3.0,833550805
5634,1,3.0,851338812
5634,25,1.0,851338813
5635,10,3.0,1226699200
5635,32,4.0,1226699069
5637,1,3.0,975625123
5637,34,3.0,979416739
5638,2,4.0,1172046130
5638,6,3.5,1171820404
5638,10,4.0,1172045681
5638,19,5.0,1172046100
5638,32,3.5,1171820213
5641,19,0.5,1338948389
5642,6,3.5,1440004848
5645,1,5.0,867626944
5645,6,3.0,867627013
5645,17,3.0,867626946
5645,25,4.0,867626946
5645,32,3.0,867626943
5647,6,3.0,939893051
5647,21,3.0,940588961
5647,32,4.0,941447017
5647,34,4.0,939903571
5658,1,4.5,1148121545
5658,10,3.0,1148123037
5658,32,3.0,1148122059
5659,1,4.0,1330126127
5659,2,2.5,1330766018
5660,32,5.0,833176559
5660,34,3.0,833176559
5663,32,5.0,1077029988
5664,1,3.0,1078884351
5664,10,5.0,1078884482
5664,19,0.5,1078884751
5664,21,5.0,1078884561
5664,32,5.0,1078884391
5664,34,0.5,1078884463
5668,32,4.0,943686987
5673,1,5.0,1048599062
5674,1,5.0,965879765
5674,34,4.0,965879788
5676,1,4.0,1344557828
5678,1,4.0,1213134800
5678,25,4.5,1213154595
5678,32,4.5,1213134848
5679,19,3.0,830793310
5679,25,3.0,830793354
5680,1,4.5,1419524003
5683,2,3.0,853438962
5683,6,3.0,852470512
5683,17,5.0,852471117
5683,21,3.0,853496149
5684,1,4.5,1152600205
5684,34,1.5,1152600252
5686,2,4.0,842462703
5686,6,5.0,842462872
5686,10,4.0,842462505
5686,17,5.0,842462782
5686,19,3.0,842462590
5686,21,5.0,842462590
5686,25,5.0,842462828
5686,32,5.0,842462661
5686,34,3.0,842462562
5687,1,3.0,849653662
5687,2,2.0,849657355
5687,6,5.0,849653715
5687,10,2.0,849656659
5687,21,3.0,849654418
5687,25,4.0,849653693
5687,32,5.0,849653662
5687,34,4.0,849655561
5692,1,3.5,1431279378
5694,1,4.0,848199348
5694,2,4.0,848199293
5694,19,3.0,848199217
5694,32,4.0,848199241
5694,34,3.0,848199183
5695,6,4.0,1000566619
5703,17,4.0,863011715
5704,1,3.0,855485703
5704,6,5.0,855485747
5704,25,5.0,855485703
5704,32,5.0,855485703
5713,2,1.0,979669434
5715,2,5.0,839611655
5715,10,4.0,839611512
5715,19,3.0,839611555
5715,34,4.0,839611542
5716,1,5.0,1117099489
5716,6,4.5,1117099670
5716,10,2.0,1117099573
5716,17,3.5,1117113593
5716,21,2.5,1117099644
5716,25,3.5,1117099680
5716,32,5.0,1117099497
5717,6,4.0,1447128285
5717,19,3.5,1447127515
5717,25,2.0,1447127508
5717,32,4.0,1447207779
5718,21,4.0,842301018
5718,32,5.0,842301073
5718,34,3.0,842300998
5725,1,3.5,1319142475
5725,32,3.0,1319144769
5727,1,4.5,1166104295
5727,21,4.5,1358606588
5727,25,4.5,1128448732
5727,32,4.0,1173247392
5729,1,1.0,1192568189
5729,10,0.5,1192568696
5729,21,3.5,1192569075
5730,1,4.0,835730535
5730,10,3.0,835730516
5730,21,4.0,835730550
5730,32,5.0,835730590
5733,6,5.0,1111472394
5735,1,3.0,1076159503
5735,2,3.0,1080650626
5735,6,3.5,1205878995
5735,10,3.0,1076267471
5735,19,3.0,1089282176
5735,32,4.0,1100682974
5735,34,3.0,1076159642
5736,10,3.0,830938565
5738,32,3.5,1243576956
5741,32,5.0,1111583735
5742,1,4.0,859829355
5742,17,4.0,859829355
5744,1,5.0,877111870
5744,17,3.0,877112677
5744,34,3.0,877113308
5747,1,4.0,945479602
5747,10,5.0,945480855
5747,21,2.0,945480699
5748,1,4.5,1124734196
5748,19,4.0,1124733848
5749,25,4.0,1050949091
5754,1,5.0,965442324
5754,10,4.0,965443598
5754,32,4.0,953177440
5758,19,2.0,1180918947
5758,32,5.0,1180917940
5763,1,2.5,1247352720
5763,2,4.0,1247353829
5765,2,4.0,1015560429
5765,21,4.0,1015507636
5765,32,4.0,1015560521
5766,1,4.0,850435142
5766,19,3.0,850436194
5766,32,4.0,850435142
5777,17,5.0,858514638
5781,2,2.0,1000659798
5781,6,5.0,1000657308
5781,25,3.0,1000658499
5781,32,4.0,1000657682
5781,34,3.0,1000658061
5783,1,3.5,1225567614
5783,2,2.0,1225581613
5783,19,1.0,1225569436
5783,32,2.0,1225561515
5783,34,3.0,1225569169
5784,1,4.0,900710011
5784,34,3.0,900710398
5786,1,4.5,1097584445
5788,1,4.0,1426467329
5788,17,4.0,1426467259
5788,25,2.0,1426467573
5788,34,4.0,1426467472
5789,1,3.0,855607394
5789,2,4.0,855604556
5789,6,5.0,855606776
5789,10,2.0,855605345
5789,19,2.0,855605999
5789,21,5.0,855603756
5789,32,4.0,855602881
5793,6,4.0,841289465
5793,10,4.0,841289057
5793,19,3.0,841289136
5793,21,5.0,841289149
5793,32,4.0,841289183
5795,1,3.0,831127543
5795,10,1.0,831127467
5795,21,5.0,831127626
5795,32,5.0,831127660
5795,34,1.0,831127728
5797,10,2.0,1370732057
5801,1,5.0,859852321
5801,6,5.0,859852371
5801,25,5.0,859852322
5801,32,4.0,859852321
5811,34,4.0,836750824
5812,34,5.0,938802865
5813,1,4.0,951071469
5813,2,2.0,951070952
5813,10,3.0,952025600
5813,17,4.0,952025252
5813,19,2.0,952026378
5813,21,2.0,951072445
5813,25,5.0,953665418
5813,32,3.0,951692352
5813,34,5.0,951692685
5819,1,4.0,864771365
5819,17,5.0,864771366
5819,25,3.0,864771366
5819,32,4.0,864771365
5820,1,5.0,934713460
5820,32,5.0,934711838
5820,34,3.5,1063889274
5821,34,5.0,957891809
5823,2,5.0,848771060
5823,34,3.0,848770933
5824,1,3.0,1201499771
5824,2,2.0,1201500586
5824,17,4.0,1201500312
5824,34,3.5,1201499952
5825,1,4.0,860494629
5825,32,5.0,860494629
5825,34,3.0,862572635
5830,1,4.0,1246044206
5830,2,4.5,1246046061
5831,6,3.0,1152748370
5831,19,0.5,1152747304
5831,21,4.0,1152829487
5831,25,2.0,1152747618
5831,32,3.5,1152748592
5833,1,3.0,1117095971
5833,2,1.0,1117096191
5833,6,4.5,1117096099
5833,10,3.5,1117094178
5833,19,3.0,1117096228
5833,21,2.5,1117096046
5833,25,4.0,1117096075
5833,32,5.0,1117093364
5834,2,3.0,999293393
5834,6,4.0,999293057
5834,34,3.0,999291130
5835,1,5.0,834785685
5835,10,3.0,834785605
5835,21,3.0,834785821
5835,32,4.0,834785892
5835,34,4.0,834785822
5837,17,3.5,1446839699
5837,32,3.5,1446840633
5838,10,4.0,960359461
5839,1,4.0,860500082
5839,6,2.0,860500082
5839,10,4.0,838722634
5839,21,3.0,838727930
5842,21,2.0,1112323457
5843,2,4.0,829419482
5843,19,5.0,829420234
5843,32,4.0,829419482
5846,1,4.0,1441412743
5847,1,5.0,996279243
5847,2,4.0,996281313
5847,10,4.0,996280618
5847,32,5.0,996278138
5847,34,3.0,996279493
5850,10,4.0,1080725790
5852,1,4.0,1443018666
5852,6,4.0,1443706407
5854,19,0.5,1309661050
5855,1,3.0,1279481081
5855,32,4.0,1279481374
5856,1,3.0,1180565538
5856,2,3.5,1172997091
5856,10,3.5,1172996620
5856,32,3.0,1172996306
5857,1,2.5,1123076005
5857,2,2.5,1124127968
5857,10,3.0,1124127882
5857,19,2.5,1124127988
5861,1,4.5,1132503296
5861,21,4.0,1132502567
5862,32,3.0,1258765311
5863,10,3.0,834168484
5863,19,3.0,834168562
5868,1,4.5,1073677438
5870,1,4.0,1441666612
5874,1,4.0,956446889
5874,17,5.0,939506146
5874,34,5.0,944325184
5876,1,3.0,1239649832
5876,2,3.5,1239649571
5876,6,5.0,1285548402
5876,10,4.0,1239574327
5876,19,4.5,1239649589
5876,34,2.5,1239649376
5878,1,4.5,1127279391
5878,25,0.5,1127280796
5878,34,4.0,1182373969
5886,1,3.5,1074642454
5886,2,2.5,1074641801
5887,1,5.0,969050515
5887,32,1.0,969051001
5887,34,4.0,969049226
5888,1,4.0,865091594
5888,6,5.0,865091650
5888,17,5.0,865091594
5888,25,4.0,865091595
5891,34,4.0,940961771
5893,1,2.0,1440092970
5898,2,2.5,1111781783
5898,6,3.5,1111781664
5898,10,3.0,1111781542
5898,17,4.0,1013724599
5898,19,2.0,1065120901
5898,21,1.0,1120568315
5898,32,4.0,1015454928
5900,10,3.0,830966650
5902,1,5.0,958528257
5902,17,4.0,958528223
5902,32,5.0,958528292
5903,32,4.5,1206663065
5905,1,3.0,1154735364
5905,32,4.0,1161987630
5907,10,3.0,831933026
5907,21,4.0,831933430
5909,1,3.5,1215988506
5909,2,4.0,1215988897
5909,19,3.0,1215988913
5909,32,4.0,1215988527
5912,1,5.0,1054236782
5912,6,4.5,1054238577
5912,10,4.0,1054237516
5912,21,4.5,1054238415
5912,25,3.5,1054238801
5912,32,5.0,1054236843
5912,34,4.0,1054236940
5913,1,4.0,847369593
5913,2,3.0,845298633
5913,10,3.0,845298474
5913,19,3.0,845298545
5913,21,4.0,845298530
5913,25,5.0,845298716
5913,32,4.0,845298572
5913,34,5.0,845298530
5916,1,4.0,853176011
5916,6,3.0,853176046
5916,25,3.0,853176012
5916,32,4.0,853176011
5917,1,4.5,1352534803
5917,34,4.0,1352535001
5919,1,4.0,1016758901
5919,2,2.0,1016759748
5919,6,5.0,1016678466
5919,10,3.0,1016920623
5919,21,4.0,1016920331
5919,32,4.0,1016677936
5921,1,2.0,862472352
5921,6,3.0,862472538
5921,25,5.0,862472352
5922,1,5.0,1006298888
5922,6,4.0,1006298030
5922,21,2.0,1032666646
5922,32,4.0,1006299432
5922,34,3.0,1006299317
5931,1,5.0,1182988222
5931,10,3.0,1182992280
5931,32,4.5,1182988456
5932,1,4.0,943207370
5932,19,4.0,943207600
5932,21,5.0,943207161
5932,34,4.0,943207129
5934,17,5.0,836835346
5934,32,5.0,836835232
5934,34,5.0,836835150
5935,1,4.0,832916269
5936,1,3.0,1442714082
5940,17,4.0,1280190636
5943,1,4.5,1236898181
5947,10,3.0,836479032
5947,19,3.0,836478248
5947,21,3.0,836479033
5947,34,3.0,836479033
5948,1,5.0,950293458
5948,2,5.0,950293605
5948,17,5.0,950294727
5948,25,4.0,950288356
5948,34,5.0,950293428
5949,1,3.5,1222133644
5949,32,3.5,1222133228
5950,2,3.0,845923276
5950,10,3.0,845922986
5950,17,3.0,845923301
5950,19,2.0,845923121
5950,21,2.0,845923121
5950,25,2.0,845923410
5950,32,1.0,845923165
5950,34,4.0,845923084
5953,17,3.0,976757641
5953,34,3.0,976757568
5955,6,5.0,1110416308
5955,21,3.0,1110416375
5956,1,5.0,1043132825
5956,2,4.0,1043133147
5956,17,4.0,1043020646
5956,34,4.0,1043132825
5960,1,4.0,981417283
5960,2,3.0,981505040
5960,32,3.0,981417302
5962,6,4.0,1406302760
5963,1,5.0,975536349
5964,1,5.0,938872274
5964,6,3.0,938874868
5964,10,3.0,938880071
5964,17,5.0,938872563
5964,21,4.0,938873829
5964,25,5.0,938873079
5964,32,5.0,938872384
5964,34,5.0,938873136
5965,17,4.0,1405452926
5966,1,5.0,869333670
5966,2,4.0,869335537
5966,17,5.0,869333670
5966,21,5.0,869334822
5966,32,4.0,869333669
5966,34,5.0,869334937
5969,1,5.0,953947570
5969,21,4.0,955417358
5969,25,4.0,953950367
5969,32,5.0,954657147
5971,1,3.5,1234269859
5971,10,4.0,1234279878
5972,2,5.0,1433624205
5972,19,3.0,1433624210
5973,1,3.0,867767898
5973,25,3.0,867767899
5973,32,3.0,867767898
5975,32,5.0,844753997
5978,1,4.0,849973789
5978,6,4.0,849973840
5978,32,3.0,849973789
5980,1,4.0,994280416
5980,2,3.0,994281572
5980,32,4.0,994280416
5980,34,5.0,994280363
5982,32,4.5,1127906107
5986,1,4.0,1139454400
5986,2,3.0,1139455321
5986,6,4.0,1165522794
5986,10,3.0,1139476987
5986,19,2.5,1139455325
5986,21,4.0,1139454719
5986,25,4.0,1139322075
5986,32,3.5,1139320936
5986,34,3.5,1139454887
5987,32,5.0,940620692
5990,21,2.0,956306985
5991,1,5.0,833577143
5991,10,5.0,833577121
5993,1,4.0,858537967
5993,6,3.0,858538046
5993,32,4.0,858537966
5994,1,4.0,1161009797
5994,10,1.5,1161009804
5994,19,5.0,1161009394
5994,21,3.0,1161010363
5997,6,5.0,994702673
5997,10,3.0,994700606
5997,17,3.0,994701471
5997,21,3.0,994702310
5997,32,5.0,994701724
5998,1,4.0,1195410977
5998,32,5.0,1195408308
5999,6,4.0,1239736659
6001,1,3.0,866398875
6001,6,4.0,866398937
6001,17,3.0,866398876
6001,21,3.0,866399242
6001,32,3.0,866398874
6002,1,2.0,863213381
6002,32,2.0,863213381
6006,10,5.0,844575976
6008,1,4.0,862490836
6008,6,3.0,862490871
6008,17,3.0,862498335
6008,25,4.0,862490836
6009,1,4.0,866050740
6009,6,5.0,866050823
6009,17,5.0,866050740
6009,32,4.0,866050740
6010,1,5.0,1024512239
6010,6,5.0,1027370032
6012,1,1.5,1160437375
6013,6,4.0,854727277
6013,32,3.0,854727235
6014,32,4.0,867779369
6015,1,4.0,1217420349
6016,10,4.0,832432330
6019,32,4.5,1289480181
6022,1,5.0,978405936
6024,32,3.0,1045758305
6026,10,4.0,844705052
6034,10,5.0,836558747
6034,19,5.0,836558810
6034,34,3.0,836558811
6035,1,4.0,1447260997
6035,19,2.0,1447276400
6035,34,3.5,1447274051
6036,2,5.0,845812540
6036,6,2.0,845833271
6036,10,3.0,845833175
6036,17,5.0,845833116
6036,19,5.0,845812441
6036,21,3.0,845812441
6036,25,4.0,845833116
6036,32,1.0,845812474
6036,34,5.0,845812418
6037,2,4.0,834659878
6037,10,5.0,834659698
6037,17,5.0,834659878
6037,19,2.0,834659795
6042,1,2.5,1312612282
6042,10,2.5,1312612445
6042,32,4.0,1312612317
6046,2,1.5,1137891719
6047,1,5.0,852813311
6047,17,3.0,852813311
6047,25,4.0,852813311
6047,32,3.0,852813311
6052,32,5.0,881483377
6055,1,4.0,1182444689
6057,1,3.0,860734423
6057,6,3.0,860734465
6057,17,4.0,860734425
6057,25,4.0,860734425
6057,32,4.0,860734423
6058,1,5.0,961892162
6058,34,4.0,961892142
6059,1,5.0,867244031
6059,25,4.0,867244031
6059,32,4.0,867244031
6062,19,3.0,1261312546
6063,34,3.0,938941199
6065,1,5.0,1437720053
6070,10,4.0,836821973
6070,19,4.0,836822097
6070,34,2.0,836822101
6072,6,4.0,845828944
6072,10,4.0,845695223
6072,17,3.0,845695445
6072,21,5.0,845695279
6072,25,4.0,845828929
6072,34,5.0,845695262
6073,2,4.0,845365569
6073,10,3.0,845364790
6073,34,1.0,845365090
6082,1,3.5,1330120713
6082,2,3.0,1244602410
6082,32,3.5,1244598971
6082,34,3.0,1244602252
6083,6,4.0,963867710
6083,21,4.0,963867662
6083,32,3.0,963866689
6092,6,3.5,1412690410
6092,10,4.0,1412690327
6092,32,5.0,1412690155
6092,34,2.5,1412698663
6095,1,4.0,942175698
6095,25,4.0,942176051
6095,34,4.0,942175698
6096,1,0.5,1438025182
6097,1,4.0,938657834
6097,25,4.0,938657834
6101,1,5.0,848902239
6101,2,3.0,848902187
6101,10,2.0,848901834
6102,1,3.0,1172087371
6102,6,4.0,1172089085
6102,32,3.0,1172087567
6103,1,4.0,976285594
6107,10,5.0,961728328
6107,21,3.0,961728117
6109,19,5.0,831460781
6109,34,5.0,831460730
6110,1,3.0,976232941
6110,10,4.0,976244652
6110,19,3.0,976246540
6110,21,4.0,976245184
6110,32,4.0,976236108
6110,34,4.0,976233170
6112,21,4.0,964029113
6114,17,5.0,841161073
6114,34,3.0,841161051
6116,2,3.5,1306024110
6120,1,4.0,866663623
6120,10,3.0,866666886
6120,17,5.0,866663623
6120,21,3.0,866667028
6123,1,5.0,1392416018
6123,17,3.5,1392415463
6123,34,4.0,1392453239
6127,1,3.5,1263407278
6127,2,3.0,1265467057
6127,19,3.5,1263408101
6127,32,3.5,1290964374
6129,21,4.0,833792786
6129,34,4.0,833792786
6131,10,4.0,948052970
6132,1,4.5,1285180637
6133,1,4.5,1423255978
6133,17,5.0,1434288232
6133,34,3.0,1434277555
6137,6,4.0,1164875555
6138,1,4.5,1289095499
6138,32,4.5,1289094080
6140,10,3.0,835363656
6140,21,5.0,835363994
6140,34,4.0,835363994
6143,1,5.0,1429404325
6145,17,5.0,1450218684
6146,1,5.0,830971459
6146,21,5.0,830971522
6148,32,5.0,955547605
6149,1,5.0,861635270
6149,2,3.0,861636941
6149,6,3.0,861635309
6149,17,5.0,861635270
6149,21,4.0,861636641
6149,25,5.0,861635271
6149,32,3.0,861635269
6149,34,4.0,862382411
6150,1,3.5,1321565791
6150,32,4.5,1321565754
6155,1,4.5,1436445975
6155,2,4.0,1436447364
6157,1,3.0,1444045008
6157,2,1.5,1445088595
6157,10,3.0,1444045078
6157,19,2.0,1444045177
6157,32,4.0,1444045028
6157,34,1.5,1445088489
6158,10,2.0,967947413
6158,32,4.0,967946953
6162,2,3.5,1163188150
6165,1,5.0,1042947006
6165,17,5.0,1043103621
6165,34,5.0,1042947258
6167,1,4.0,1111505011
6167,34,3.5,1111505885
6169,1,4.0,996604709
6169,32,1.0,996609522
6169,34,3.0,996604536
6172,32,4.0,1036622708
6175,1,3.5,1122395968
6176,2,5.0,841612176
6176,17,4.0,841612205
6176,19,3.0,841611961
6176,25,2.0,841612430
6176,32,2.0,841612091
6176,34,4.0,841611961
6178,1,4.0,938543388
6178,6,4.0,953765867
6178,21,5.0,942577944
6178,32,4.0,938794565
6178,34,3.0,942686644
6180,1,5.0,974924081
6180,6,5.0,974846008
6181,1,4.0,858546017
6181,6,4.0,858546072
6181,17,3.0,858546018
6181,25,4.0,858546018
6181,32,4.0,858546017
6181,34,4.0,858546859
6182,17,4.0,1260399649
6182,34,4.0,1260330277
6185,1,3.0,1162259219
6185,32,4.0,1162259187
6187,6,4.0,974785166
6187,10,3.0,974785406
6187,21,4.0,974785244
6188,34,3.5,1377915138
6189,1,4.0,985948832
6190,2,4.5,1443390183
6190,6,3.5,1443389311
6190,32,5.0,1443961089
6192,10,3.5,1368222701
6192,34,3.0,1368222616
6193,10,3.0,842039562
6193,17,4.0,844278672
6193,21,4.0,844278573
6193,32,3.0,844278608
6193,34,5.0,844278551
6194,6,3.0,903530098
6194,10,3.0,903530269
6194,25,2.0,901121824
6194,32,2.0,901122378
6195,1,3.0,868637021
6195,25,5.0,868637021
6196,34,4.0,838129330
6197,1,5.0,848513617
6197,2,3.0,848513505
6197,19,3.0,848513364
6197,21,3.0,848513364
6197,32,3.0,848513414
6197,34,5.0,848513320
6198,1,4.0,1442954343
6199,1,4.5,1331313481
6199,2,3.0,1248035677
6199,17,4.0,1248034609
6199,25,4.5,1330481956
6199,32,4.0,1389049316
6199,34,5.0,1248035533
6201,1,4.0,852916590
6202,25,5.0,834763991
6204,6,4.0,829492069
6204,19,3.0,829493139
6204,21,5.0,829492069
6204,25,5.0,829492069
6204,32,3.0,829492069
6205,32,4.0,1111712578
6207,1,3.5,1230019553
6207,2,2.0,1231475605
6207,10,2.5,1231473923
6207,19,2.0,1241208024
6207,32,3.5,1231474349
6207,34,2.5,1231473913
6208,1,3.0,851950428
6208,17,3.0,851950429
6209,6,4.0,844008133
6209,10,4.0,844007734
6209,17,5.0,844007983
6209,21,3.0,844007835
6209,34,3.0,844007798
6210,17,3.0,946731443
6210,25,2.0,946731390
6213,6,5.0,843239814
6213,10,4.0,843239650
6213,25,3.0,843238815
6213,32,5.0,843238830
6217,1,3.0,1359507354
6217,32,3.0,1359507448
6219,34,4.0,859258041
6220,1,4.5,1190188864
6220,10,3.0,1190189761
6220,17,4.0,1190190265
6220,21,1.5,1190190260
6220,32,4.5,1190188993
6220,34,1.5,1190189436
6223,1,5.0,944147182
6223,10,4.0,944145794
6223,21,3.0,944145676
6223,32,3.0,944148353
6223,34,5.0,944147951
6224,19,3.0,945067418
6225,21,3.0,971320900
6231,1,4.0,833467668
6231,2,3.0,833467815
6231,10,3.0,833467652
6231,19,3.0,833467721
6231,25,3.0,833467884
6232,1,4.0,945230598
6232,10,4.0,945052481
6232,17,4.0,945230230
6237,1,4.0,1264626515
6237,2,4.0,1288047329
6237,10,3.0,1288047150
6237,32,3.5,1268522853
6237,34,4.0,1268523085
6242,1,5.0,874568891
6242,17,5.0,874568824
6242,21,5.0,874576648
6242,25,5.0,874569067
6242,32,5.0,874569159
6245,2,3.0,845624271
6245,10,3.0,845620068
6245,17,5.0,845624299
6245,19,3.0,845624197
6245,21,3.0,845624197
6245,32,3.0,845624221
6245,34,5.0,845624176
6247,1,4.5,1287971566
6247,2,2.0,1287971951
6247,6,4.0,1287971873
6247,10,3.5,1287971712
6247,19,1.5,1287971988
6247,32,4.5,1287971587
6247,34,0.5,1287971697
6249,6,4.0,1226186999
6249,21,4.0,1227573078
6249,32,4.0,1226349246
6251,1,4.5,1092491063
6251,2,3.0,1092491985
6251,10,3.5,1092491851
6253,32,5.0,942187624
6259,1,5.0,1042654831
6259,2,2.0,1043895595
6259,6,4.5,1193267418
6259,21,4.5,1193267375
6259,25,5.0,1042654210
6259,32,3.5,1193267192
6260,1,4.0,1267307101
6260,17,4.0,1275413385
6260,32,3.5,1267307111
6260,34,3.5,1267317887
6262,1,3.0,1169475702
6262,6,3.0,1024392445
6262,10,3.0,974706912
6262,17,4.0,1014205938
6262,32,3.5,1053390367
6268,1,4.0,1431543876
6268,17,4.0,1431546571
6269,10,3.0,842295456
6272,1,5.0,945269338
6272,6,4.0,945269278
6274,34,3.0,837281008
6276,32,4.5,1440944487
6279,10,5.0,880814271
6280,1,3.0,833735698
6280,10,3.0,833735675
6280,17,3.0,833736478
6280,19,1.0,833736100
6280,32,3.0,833736100
6280,34,3.0,833735862
6281,1,1.0,1426959855
6281,17,4.0,1426959948
6282,1,5.0,825001664
6282,2,5.0,825001664
6282,6,5.0,825001663
6282,10,4.0,825001664
6282,17,5.0,825001665
6282,21,5.0,825001665
6282,25,4.0,825001665
6282,32,5.0,825001665
6282,34,5.0,825001665
6284,10,3.0,843817957
6286,1,4.0,953439701
6286,6,4.0,953438375
6286,17,4.0,953419208
6286,25,4.0,953441390
6286,34,5.0,953419187
6287,1,4.5,1421129886
6288,32,4.0,1295748537
6289,1,5.0,962736646
6289,6,4.0,962737343
6289,10,5.0,962910403
6289,21,5.0,962910999
6289,32,4.0,963009802
6292,1,5.0,832867672
6292,19,4.0,832868081
6293,2,5.0,846079402
6293,32,5.0,838930449
6294,6,4.0,974911063
6295,2,3.0,844442102
6295,6,4.0,844440867
6295,10,4.0,844440002
6295,17,5.0,844440655
6295,21,5.0,844440290
6295,34,5.0,844440867
6296,2,2.5,1060518171
6296,6,3.5,1077413261
6296,10,2.0,1061708235
6296,19,3.5,1079263491
6296,21,3.5,1076972091
6296,25,3.5,1078661873
6296,32,2.5,1059304386
6296,34,2.5,1105321612
6297,1,3.0,886895076
6297,2,3.0,886932113
6297,6,4.0,886929601
6297,10,3.0,886931083
6297,17,4.0,886895151
6297,21,1.0,886930730
6297,25,2.0,886895076
6297,32,3.0,886895172
6297,34,2.0,886930879
6298,2,3.0,844259486
6298,6,4.0,844260535
6298,19,3.0,844259084
6298,21,4.0,844259125
6300,2,4.0,1000225010
6300,6,5.0,1000155962
6300,10,4.0,1000156779
6300,21,3.0,1000157672
6302,1,4.0,1115522788
6302,6,4.0,1115439343
6302,19,2.0,1115524522
6302,25,5.0,1115432470
6302,32,4.5,1125898927
6303,2,2.5,1113106653
6303,6,3.5,1115621428
6303,17,3.5,1113106492
6303,19,1.5,1113106716
6303,32,3.5,1113106265
6308,1,4.5,1410653291
6308,2,4.0,1410653255
6308,10,4.5,1396832534
6308,32,5.0,1397266695
6309,6,3.0,838942480
6309,10,3.0,838941859
6309,19,3.0,838941899
6309,32,3.0,838942174
6309,34,4.0,838941885
6310,10,4.0,944905162
6311,1,4.0,856429348
6311,32,3.0,856429348
6314,6,4.0,861289720
6314,17,4.0,861289640
6314,25,3.0,861289640
6314,32,5.0,861289640
6315,1,0.5,1424984733
6315,32,4.5,1424983713
6317,21,3.5,1345453116
6317,32,2.5,1290341976
6324,1,5.0,1248244349
6324,34,5.0,1248244421
6326,1,3.0,850066078
6326,17,3.0,850066078
6326,32,1.0,850066078
6327,1,4.0,831726711
6327,2,3.0,831981611
6327,10,3.0,831726711
6327,17,3.0,831981611
6327,32,4.0,831981585
6328,10,4.0,837895539
6328,17,4.0,837895749
6328,19,3.0,837895593
6328,21,5.0,837895592
6328,32,5.0,837895628
6328,34,3.0,837895574
6331,6,3.0,845107647
6331,10,1.0,845106811
6331,17,5.0,845107188
6331,21,5.0,845106986
6331,25,3.0,845107382
6331,32,3.0,845107053
6331,34,4.0,845106931
6335,1,4.0,858115764
6335,32,3.0,858115764
6336,1,4.0,1013486358
6336,2,5.0,1013486815
6340,1,4.0,833088012
6340,10,3.0,833087972
6340,17,4.0,833088047
6340,21,4.0,833088046
6340,32,3.0,833088046
6341,1,5.0,864134018
6341,6,3.0,864134050
6341,17,4.0,864134018
6341,32,5.0,864134018
6344,1,5.0,1162941171
6345,6,5.0,1220319386
6347,21,3.0,1107801484
6348,6,5.0,832139452
6348,17,5.0,832139373
6348,21,3.0,832139284
6348,32,3.0,832139299
6349,1,3.5,1439800349
6351,6,4.0,866834460
6352,1,5.0,854480607
6352,6,3.0,854480677
6352,32,3.0,854480606
6355,1,3.5,1167859763
6355,6,3.0,1167860712
6355,10,3.0,1167860749
6355,34,2.5,1166302802
6358,2,5.0,842631198
6358,21,2.0,842631142
6358,34,5.0,842631125
6359,1,4.0,965336888
6359,6,3.0,965336673
6359,10,2.0,965334356
6359,32,5.0,965335350
6364,1,4.0,940009797
6364,17,5.0,940008621
6364,21,4.0,940012748
6364,32,4.0,940339013
6364,34,4.0,940009520
6365,6,5.0,944902989
6365,10,3.0,944904016
6365,21,3.0,944903073
6365,32,4.0,944906543
6366,1,2.0,1155221920
6366,2,2.5,1162927366
6366,6,3.5,1173138378
6366,10,3.0,1162926435
6366,19,1.5,1162927577
6366,25,3.5,1162926817
6366,32,3.5,1162923257
6366,34,3.0,1162926393
6367,1,5.0,1007571345
6367,6,5.0,1007572146
6367,10,3.0,1007572124
6367,32,4.0,1007571694
6368,1,2.5,1282207456
6368,32,4.5,1277894632
6371,6,5.0,839946395
6371,19,3.0,839946228
6371,32,4.0,839946280
6373,17,1.0,951148634
6373,34,4.0,945621746
6379,19,5.0,839928753
6381,1,4.5,1308608506
6381,2,4.0,1120190204
6381,6,4.5,1099723726
6381,32,4.5,1120708962
6382,2,3.0,845166578
6382,17,5.0,845166578
6382,19,1.0,845166433
6382,32,3.0,845166494
6382,34,4.0,845166433
6383,17,5.0,940804987
6387,2,4.0,830526390
6387,10,2.0,830526200
6387,34,5.0,830526317
6390,1,4.0,1218335151
6390,2,4.0,1218335440
6390,19,3.0,1218335462
6390,32,4.5,1218334050
6391,1,5.0,847266710
6391,2,4.0,847266940
6391,21,3.0,847267104
6391,34,5.0,847266825
6400,1,3.0,866134807
6400,21,3.0,866137049
6400,32,4.0,866134805
6401,6,1.0,945290512
6401,17,2.0,945289160
6406,1,4.0,850393791
6406,17,5.0,850393791
6407,1,1.0,862657176
6407,6,4.0,862657329
6407,10,3.0,865709045
6407,17,3.0,862657177
6407,21,3.0,865709277
6407,25,3.0,862657177
6407,32,1.0,862657176
6407,34,4.0,865762234
6409,1,3.0,853877746
6409,2,3.0,832088352
6409,17,5.0,830960764
6409,19,1.0,822873600
6409,34,3.0,830960885
6410,10,5.0,832187059
6410,34,3.0,832187201
6411,1,4.0,883842190
6411,34,5.0,883771347
6412,1,4.0,852793514
6412,6,4.0,852793544
6412,32,5.0,852793514
6414,1,2.0,829238001
6414,2,4.0,829238001
6416,1,3.0,1439787213
6417,2,4.0,943472652
6417,21,2.0,943473922
6417,25,4.0,943470813
6417,32,5.0,943470417
6418,32,4.0,1310255570
6420,1,4.0,981021536
6420,2,3.0,981020999
6420,6,5.0,981021142
6420,10,3.0,981024509
6420,19,3.0,981023318
6420,21,3.0,981018995
6420,25,4.0,981018554
6420,32,4.0,1070895520
6420,34,4.0,981021751
6424,17,4.0,856523680
6424,25,5.0,856518759
6430,1,3.0,868206686
6431,1,4.0,992968112
6431,34,5.0,992970029
6432,1,3.0,834400249
6432,2,3.0,834400439
6432,19,1.0,834400328
6432,34,3.0,834400301
6435,1,5.0,945171139
6438,1,4.0,1306880028
6438,2,3.5,1304954480
6438,6,5.0,1304954407
6438,19,3.0,1306880343
6438,32,4.0,1304953344
6439,17,0.5,1185154310
6439,21,0.5,1185154331
6439,32,4.0,1185155499
6442,1,5.0,849157378
6442,25,5.0,849157453
6442,34,1.0,849158525
6445,1,3.0,1170461926
6445,6,4.5,1170458605
6445,10,3.5,1170459953
6446,10,4.0,836017663
6446,34,3.0,836017708
6447,2,2.0,1427601977
6447,6,5.0,1427602406
6447,25,3.0,1427601950
6447,32,4.5,1427602857
6449,1,5.0,1091563446
6450,1,5.0,1424252517
6452,25,4.0,969178159
6453,17,4.0,836217183
6453,19,3.0,836217035
6453,21,3.0,836217035
6453,25,4.0,836217326
6454,1,3.0,835545381
6454,2,3.0,835545537
6454,10,3.0,835545315
6454,17,5.0,835545560
6454,19,1.0,835545427
6454,34,3.0,835545402
6457,2,3.0,974618275
6457,34,2.0,974621066
6460,17,3.0,837660476
6460,34,3.0,837660218
6462,25,3.0,1023146907
6462,32,4.0,1023147744
6463,1,5.0,962740944
6463,21,4.0,962741685
6463,32,4.0,962740964
6464,1,4.0,860589326
6464,17,4.0,860589326
6464,25,4.0,860589326
6464,32,4.0,860589325
6468,19,2.0,947050935
6468,21,4.0,947050532
6473,1,3.0,850938390
6475,34,0.5,1159087448
6477,1,5.0,834666696
6477,2,4.0,834666859
6477,10,4.0,839419687
6477,21,3.0,834666725
6477,32,3.0,834666766
6478,32,4.0,1225237272
6481,1,2.5,1122775160
6481,32,2.5,1122775198
6481,34,1.0,1122775308
6482,1,5.0,979057231
6482,2,3.0,979072185
6482,6,5.0,979052933
6482,10,1.0,979053041
6482,19,1.0,979059028
6482,21,2.0,979052933
6482,32,3.0,979055208
6482,34,1.0,979055346
6483,1,3.5,1368881641
6483,25,3.5,1369997413
6483,34,3.0,1371797018
6484,32,4.5,1124586430
6484,34,4.5,1346642363
6485,1,4.0,1440321333
6489,1,3.0,835607991
6489,2,5.0,835608513
6489,10,4.0,835607892
6489,19,5.0,835608068
6489,32,4.0,835608068
6490,17,5.0,841457283
6490,21,3.0,841459232
6490,25,2.0,841458163
6490,32,4.0,841459622
6490,34,5.0,841459204
6491,1,5.0,856654683
6491,6,3.0,856654741
6492,2,4.0,1016826769
6496,1,3.5,1265008165
6496,2,2.0,1265027983
6496,19,2.0,1265028207
6496,34,2.5,1265083737
6498,19,0.5,1353169711
6498,32,3.0,1185704691
6503,1,3.5,1130968641
6503,32,4.0,1130968099
6504,1,3.0,1192519514
6504,10,2.0,1192519619
6504,19,3.5,1192519780
6504,32,4.5,1186252673
6506,1,4.0,1352440419
6506,2,3.0,1352655259
6506,10,2.5,1352442755
6506,21,3.5,1352655255
6506,32,4.5,1352441958
6506,34,2.0,1352655491
6507,25,5.0,978475848
6509,2,3.0,1248463194
6511,32,5.0,867628287
6512,6,2.0,973299685
6512,34,4.0,973299577
6513,1,3.0,957832873
6513,25,2.0,957831870
6515,1,3.0,1146225642
6515,6,3.5,1146231518
6515,25,3.0,1146248026
6515,32,5.0,1146225881
6517,1,3.0,861283658
6517,17,4.0,861283658
6519,21,4.0,1021434487
6519,34,4.0,1021433076
6521,1,5.0,854350229
6521,6,3.0,854350289
6521,25,4.0,854350229
6521,32,5.0,854350229
6526,1,4.0,863112647
6526,6,3.0,863112693
6526,17,4.0,863112648
6526,25,4.0,863112648
6527,1,4.5,1381598970
6530,1,3.5,1422067453
6530,2,4.0,1419909987
6530,6,3.5,1422255567
6530,10,3.5,1430100258
6530,17,3.5,1419906420
6530,19,3.5,1423790304
6530,21,2.5,1422254355
6530,25,3.5,1420006571
6530,32,4.0,1419906704
6530,34,3.5,1419909347
6532,2,3.0,1136560508
6532,6,4.0,1074016369
6532,10,4.5,1074016300
6532,19,3.5,1136560521
6532,21,2.0,1136560391
6532,32,4.0,1074023757
6536,1,4.0,850197981
6536,2,3.0,848985486
6536,10,3.0,848985322
6536,21,2.0,848985405
6536,25,3.0,848985604
6536,32,3.0,848985425
6536,34,5.0,848985384
6540,6,3.0,857825730
6540,25,3.0,857825674
6542,1,3.5,1433257826
6543,21,4.0,959097132
6546,1,5.0,1337177303
6553,1,5.0,956596152
6553,32,5.0,957353033
6553,34,3.0,956596128
6554,6,4.0,831545207
6554,10,4.0,831541928
6554,25,3.0,831545189
6554,34,3.0,831542868
6556,10,2.5,1157841642
6556,32,4.0,1157740685
6559,32,4.5,1247116272
6562,17,5.0,867247322
6562,25,5.0,867247322
6563,2,1.0,1176265437
6563,10,2.0,1176264658
6563,19,3.0,1176265307
6564,1,4.0,857796513
6566,19,1.0,833411926
6567,1,3.0,1433162380
6567,32,4.5,1433163184
6569,1,4.0,1287501900
6569,6,4.5,1283009850
6570,1,4.0,913061512
6570,2,5.0,913060873
6570,6,3.0,913061285
6570,21,5.0,913061543
6573,1,5.0,1438710378
6573,2,3.5,1438781679
6573,17,4.0,1438711903
6573,34,1.5,1438781686
6579,10,4.0,837854739
6579,19,2.0,837854792
6581,1,3.0,1260676578
6581,2,2.5,1260679020
6581,10,3.0,1260676929
6581,19,3.0,1260679031
6581,34,3.5,1260676879
6582,1,3.5,1314583863
6582,32,4.0,1314583982
6582,34,3.5,1314584210
6585,10,4.0,1022306940
6585,21,3.0,1022307471
6585,32,4.5,1199733686
6586,17,5.0,849791443
6586,25,2.0,849791443
6590,1,2.5,1058215618
6590,2,2.0,1058198322
6590,32,4.0,1058144225
6595,1,5.0,859064280
6595,6,5.0,859064717
6595,25,5.0,859064281
6595,32,4.0,859064280
6596,10,4.0,845096331
6596,17,3.0,845096413
6596,34,5.0,845096413
6598,32,5.0,1189699014
6599,1,5.0,857980026
6599,6,3.0,857980093
6599,32,4.0,857980026
6601,1,4.0,1439319310
6601,2,3.0,1443726720
6601,19,2.0,1442936951
6601,32,3.5,1439320005
6604,1,5.0,849182009
6604,10,4.0,849181891
6604,17,5.0,849182022
6606,1,5.0,877196125
6606,2,4.0,888870566
6606,6,5.0,878157955
6606,10,4.0,888868094
6606,17,4.0,878157845
6606,19,3.0,901634969
6606,21,4.0,888869127
6606,25,5.0,878157811
6606,32,5.0,878158008
6606,34,5.0,888865842
6609,1,4.0,862670514
6609,17,2.0,862670515
6609,25,1.0,862670515
6609,32,3.0,862670513
6611,6,5.0,917116193
6615,2,5.0,836355925
6615,10,4.0,836354582
6615,17,5.0,836355993
6615,21,3.0,836354698
6615,34,2.0,836354699
6616,19,2.5,1349904864
6617,1,3.5,1107645607
6617,2,1.5,1107666425
6617,6,4.5,1107666251
6617,10,2.0,1107666133
6617,19,3.0,1107625292
6617,21,2.5,1107644188
6617,32,5.0,1107665980
6617,34,3.0,1107666033
6621,1,4.0,862476271
6621,6,3.0,862476340
6621,25,3.0,862476271
6621,32,5.0,862476270
6622,34,5.0,952762624
6625,1,5.0,852143528
6625,6,5.0,852143582
6625,17,3.0,852143529
6625,25,4.0,852143529
6627,10,2.0,840042819
6627,21,3.0,840042868
6627,32,4.0,840042876
6627,34,3.0,840042840
6630,17,4.0,846795143
6633,1,4.0,1073600206
6636,10,2.0,837640338
6636,19,1.0,837640404
6636,21,5.0,837640404
6636,32,3.0,837640452
6640,1,4.0,1422451867
6640,2,4.5,1451690382
6640,6,4.5,1417011422
6640,10,3.5,1422452088
6640,32,4.0,1416827293
6644,1,5.0,938745318
6644,25,4.0,938745546
6644,34,5.0,938745286
6647,1,4.0,1241474377
6647,10,3.5,1241589326
6648,1,4.0,880371293
6648,6,2.0,880371049
6648,10,4.0,880917328
6648,21,2.0,880374226
6648,25,4.0,880371358
6648,32,1.0,880371570
6651,1,3.0,831921687
6651,10,4.0,831921651
6651,19,3.0,831921891
6651,21,5.0,831921752
6651,32,4.0,831921787
6651,34,5.0,831921787
6653,32,4.0,1014938869
6654,32,4.0,1447199763
6655,2,3.0,842610353
6655,10,4.0,842610085
6655,32,5.0,842610284
6655,34,3.0,842610144
6659,19,1.5,1138387163
6660,1,5.0,986257911
6660,6,5.0,987535005
6660,21,5.0,987535750
6660,32,5.0,987535005
6660,34,5.0,986258863
6664,19,3.0,1330987066
6665,21,3.0,834507276
6666,2,2.0,845585518
6666,10,3.0,845585345
6667,1,3.0,831827835
6667,6,3.0,831601397
6667,10,3.0,847916265
6667,19,4.0,842030673
6667,21,4.0,847916326
6667,32,5.0,831600411
6668,32,4.5,1134603480
6674,1,3.0,946276020
6674,2,4.0,946276567
6674,17,4.0,946275426
6674,32,3.0,946274517
6674,34,3.0,946274186
6676,10,5.0,1242025412
6676,32,5.0,1242025906
6684,1,4.0,1382013291
6687,1,4.0,1288186345
6687,2,3.5,1288602285
6687,10,2.5,1301829753
6687,17,2.0,1288542229
6687,19,3.5,1288542609
6687,25,4.5,1288542152
6687,32,5.0,1288186371
6687,34,1.0,1301829781
6688,32,3.0,946625259
6689,1,4.0,1173243793
6689,25,1.0,1173244084
6689,32,1.0,1173243852
6698,1,4.0,846221137
6698,2,3.0,846221029
6698,6,3.0,846321848
6698,10,4.0,846220816
6698,17,4.0,846221075
6698,19,4.0,846220940
6698,21,3.0,846220940
6698,25,5.0,846221179
6698,32,5.0,846220969
6699,2,4.0,830109879
6699,10,3.0,830109682
6699,17,4.0,830109814
6699,19,2.0,830109879
6699,21,1.0,830109706
6699,25,5.0,830109902
6701,1,4.0,1452828360
6701,2,4.0,1453573905
6701,6,5.0,1452828379
6701,10,4.0,1453573873
6701,19,4.0,1453093592
6701,25,4.0,1453701122
6701,32,5.0,1452827429
6701,34,3.0,1453573870
6707,17,5.0,842963123
6707,19,3.0,842962969
6707,21,4.0,842962981
6707,25,3.0,842963144
6707,34,5.0,842962969
6709,1,3.0,1349578599
6714,17,4.0,841670912
6717,6,4.0,837042753
6717,10,3.0,843719353
6717,19,4.0,837043882
6717,25,5.0,837043098
6717,32,4.0,837042957
6718,1,4.0,832321764
6718,2,3.0,834056481
6718,10,5.0,832321764
6718,19,3.0,832770670
6720,1,4.0,850311616
6720,32,3.0,850311615
6722,32,3.0,1452378306
6723,2,4.0,1191923447
6723,10,3.5,1191923228
6723,25,4.5,1191923582
6723,32,4.0,1191923107
6724,10,4.0,950500308
6726,1,3.0,1113212293
6726,2,2.0,1113212738
6726,32,3.5,1113212105
6727,1,4.0,1112646471
6728,1,4.5,1083851423
6728,10,3.0,1085367761
6728,19,1.5,1083850593
6732,21,4.5,1112916668
6733,2,2.5,1160083668
6733,19,4.5,1160083653
6735,1,5.0,856127030
6735,6,4.0,856127080
6735,25,5.0,856127031
6735,32,4.0,856127030
6736,2,2.5,1225801352
6736,10,3.0,1227885356
6736,32,4.0,1225733561
6737,2,2.0,962830486
6738,1,3.5,1304235813
6738,32,3.0,1304234025
6744,1,3.0,850141694
6744,25,1.0,850141694
6744,32,3.0,850141694
6746,1,4.0,1115356425
6746,2,4.0,1115356183
6747,6,5.0,839971087
6747,10,4.0,839970753
6747,25,4.0,839971034
6747,34,2.0,839970805
6748,1,4.0,869156748
6748,17,5.0,869156748
6748,25,4.0,869156748
6748,32,5.0,869156747
6750,1,4.0,1320326394
6751,17,5.0,980190040
6751,25,3.0,979571519
6752,10,4.0,847305152
6752,34,3.0,847305384
6755,32,3.0,965497553
6763,1,4.0,1448997313
6764,10,5.0,965001329
6764,32,5.0,965001020
6765,6,3.0,1046754469
6767,6,3.0,852098608
6767,17,1.0,852098564
6767,25,4.0,852098565
6768,6,3.0,847347811
6768,10,3.0,847347571
6768,17,5.0,847347732
6768,25,3.0,847347790
6768,32,4.0,847347649
6769,6,5.0,835695575
6770,19,4.0,844628496
6772,1,3.5,1217419629
6774,2,5.0,838695527
6774,10,3.0,838694185
6774,17,4.0,838695609
6774,32,4.0,838695221
6774,34,5.0,838694373
6775,34,2.5,1303741912
6781,1,5.0,864823394
6781,6,5.0,864823461
6781,17,4.0,864823394
6781,25,3.0,864823395
6781,32,4.0,864823394
6782,1,4.0,944901161
6782,2,3.0,948488052
6785,17,5.0,861102454
6785,32,4.0,861102454
6787,6,4.0,1225550914
6787,32,3.5,1225550615
6791,1,4.5,1121059721
6791,2,3.0,1200804099
6791,6,4.0,1225569610
6791,10,5.0,1114285160
6791,32,4.5,1132275158
6791,34,2.5,1114285078
6792,2,3.0,845387891
6792,10,4.0,845387743
6792,17,4.0,845387912
6792,19,3.0,845387815
6792,34,4.0,845387773
6793,1,4.0,1426691000
6794,1,5.0,1314882518
6800,17,4.0,858841970
6802,1,4.0,1129287859
6802,2,4.0,1129280949
6802,6,3.5,1420001376
6802,10,3.5,1135254841
6802,19,1.0,1129280938
6802,25,3.5,1198691009
6802,32,4.0,1129281139
6803,1,5.0,849908838
6803,6,3.0,849908895
6803,17,4.0,849908839
6803,25,3.0,849908839
6803,32,3.0,849908838
6806,1,5.0,852327472
6806,2,5.0,852328892
6806,10,5.0,852395345
6806,19,3.0,852328942
6806,32,3.0,852501917
6807,17,2.0,947900367
6808,21,3.0,981603576
6816,1,4.0,833895480
6816,10,4.0,833895449
6817,10,4.0,839826183
6817,17,5.0,839828739
6817,34,3.0,839826506
6818,17,5.0,842998518
6820,1,2.0,1441514354
6822,6,0.5,1329686353
6822,34,1.5,1206883566
6826,6,4.5,1453746135
6827,2,5.0,838752710
6827,6,4.0,838752935
6827,10,4.0,838752462
6827,21,3.0,838752539
6827,34,3.0,838752509
6829,1,5.0,832241196
6829,17,5.0,832241475
6829,19,1.0,832241352
6829,34,4.0,832241317
6830,1,5.0,849843495
6830,6,4.0,849843532
6830,17,4.0,849843496
6830,25,5.0,849843497
6830,32,4.0,849843495
6830,34,5.0,849843851
6831,1,4.0,853253637
6832,1,4.0,869636140
6832,17,5.0,869636141
6832,25,5.0,869636141
6832,32,5.0,869636140
6838,1,4.5,1064434659
6838,2,2.5,1064435724
6843,1,4.0,851797710
6843,6,3.0,851797804
6843,17,3.0,851797710
6843,32,3.0,851797709
6849,34,5.0,836923544
6856,2,2.0,836659119
6860,10,3.0,837317676
6860,19,3.0,837317799
6866,1,3.0,1116353945
6866,21,4.0,1116353662
6866,32,3.5,1116594594
6867,19,0.5,1141816341
6870,1,4.0,863860321
6870,17,5.0,863860322
6870,25,1.0,863860323
6870,32,3.0,863860320
6871,17,3.0,1309733834
6871,19,4.0,1308169846
6871,32,4.0,1308097701
6875,21,5.0,975464722
6875,25,1.0,975464918
6875,34,4.0,975464139
6877,1,5.0,869446163
6877,6,4.0,869446205
6877,32,5.0,869446163
6878,1,4.0,1100384878
6878,10,4.0,1100386485
6879,1,4.0,940421527
6879,6,2.0,940341678
6879,10,3.0,940341974
6879,17,4.0,940341080
6879,21,4.0,940411409
6879,25,5.0,940410602
6879,34,3.0,940410602
6881,34,3.0,940887733
6884,1,4.0,1115828168
6884,34,4.0,1115828178
6887,1,4.0,1444766414
6888,6,5.0,1342488700
6888,17,4.0,1342561899
6888,25,4.0,1342561439
6888,32,4.0,1342488453
6891,1,5.0,1373052390
6891,6,4.0,1373053333
6891,21,3.5,1373053177
6894,10,3.0,838734752
6894,19,1.0,838734810
6894,21,4.0,838734810
6894,32,4.0,838734845
6895,6,4.0,1235037086
6895,10,5.0,1235038202
6895,32,4.0,1235036931
6896,1,5.0,1241477467
6896,2,3.0,1241552472
6896,19,1.5,1241551807
6896,34,4.0,1241479483
6898,6,4.0,938870399
6898,21,4.0,938870350
6902,19,3.0,1095887223
6904,6,2.0,845200286
6904,17,4.0,845367033
6905,19,3.0,849263609
6905,34,4.0,849263585
6906,1,4.0,1405221914
6906,34,4.0,1437449033
6910,10,5.0,974882443
6910,25,5.0,974881433
6911,1,1.5,1439886726
6915,1,5.0,866387229
6915,17,5.0,866387229
6918,1,4.5,1266853401
6926,1,3.5,1439862503
6927,1,4.5,1113330088
6927,2,2.0,1113328497
6927,6,3.5,1113329990
6927,10,4.0,1115266332
6927,32,3.5,1113327925
6928,2,3.0,845001569
6928,6,4.0,845001600
6928,10,3.0,845001534
6928,17,4.0,845001569
6928,21,4.0,845001534
6928,25,4.0,845001600
6928,32,5.0,845001535
6931,32,5.0,1261346654
6932,6,3.0,852640597
6932,17,4.0,852640541
6932,25,4.0,852640541
6932,32,4.0,852640540
6933,10,3.0,840104521
6933,34,3.0,840099948
6934,1,3.5,1067023638
6934,2,2.5,1077145975
6934,10,3.5,1067023440
6934,17,4.5,1164449515
6934,21,3.5,1077145764
6934,25,3.0,951409674
6934,32,5.0,902718090
6935,1,2.0,855152076
6935,32,4.0,855152076
6936,1,4.0,901641692
6936,6,3.0,901641352
6936,17,5.0,901643873
6936,21,4.0,901644448
6936,25,5.0,901643598
6936,32,5.0,901641612
6936,34,5.0,901643873
6938,25,3.0,852131555
6943,10,2.0,1018427544
6943,32,5.0,1012907355
6944,1,2.5,1197250121
6944,10,3.5,1197250681
6944,19,2.0,1197251949
6949,19,2.5,1229401542
6949,32,4.0,1229401303
6952,1,5.0,1192206355
6952,2,4.5,1259302149
6952,6,4.5,1192208276
6952,10,2.5,1224946119
6952,21,3.5,1228142128
6952,25,4.0,1259301627
6952,32,5.0,1192206457
6952,34,3.0,1192207249
6955,1,3.0,852020618
6955,6,3.0,852020661
6955,21,5.0,852022118
6962,1,4.0,847142667
6962,6,4.0,847146155
6962,10,3.0,847137830
6962,17,5.0,847146654
6962,19,1.0,847212007
6962,21,5.0,847146320
6962,25,5.0,847212233
6962,32,4.0,847144080
6962,34,5.0,847144767
6963,17,5.0,911316625
6963,32,3.0,911316285
6966,2,4.0,846356074
6966,10,4.0,846355918
6966,19,5.0,846356005
6966,32,2.0,846356034
6966,34,5.0,846355983
6967,19,3.0,839037669
6967,21,4.0,839037669
6971,10,5.0,833737221
6977,1,5.0,854379567
6977,6,3.0,854379605
6977,17,5.0,854379567
6977,32,5.0,854379567
6978,1,3.5,1355088139
6978,32,3.5,1355087494
6979,2,1.0,1447702193
6979,6,4.0,1447702065
6979,19,1.0,1447627608
6979,32,5.0,1447612179
6981,10,4.5,1131061421
6982,10,3.0,842799762
6982,19,1.0,842799952
6982,32,4.0,842800130
6982,34,5.0,842799952
6991,1,4.0,849841124
6991,6,5.0,849841194
6991,10,3.0,849841389
6991,21,3.0,849841389
6991,25,3.0,849841125
6991,32,3.0,849841124
6992,32,3.0,853733778
6994,17,5.0,850497968
6994,25,4.0,850497968
6995,10,4.0,835585098
7001,2,4.0,844928113
7001,6,4.0,844928221
7001,10,4.0,844928057
7001,17,4.0,844928113
7001,21,4.0,844928057
7001,25,3.0,844928221
7001,32,3.0,844928057
7006,32,5.0,1228535228
7010,1,4.5,1432977291
7013,1,5.0,853523710
7013,6,5.0,853523749
7013,32,5.0,853523710
7014,2,2.5,1438031765
7014,32,4.0,1438014733
7015,2,5.0,835177709
7015,10,5.0,835177390
7015,34,4.0,835177498
7019,1,3.0,924733311
7019,17,3.0,924732563
7020,1,4.0,833217149
7020,2,3.0,833217300
7020,10,3.0,833217131
7020,19,2.0,833217217
7020,25,3.0,833217369
7020,32,3.0,833217199
7020,34,3.0,833217199
7021,10,3.0,889048217
7021,32,4.0,889048176
7022,6,2.0,1030045711
7025,1,5.0,1001283592
7027,1,3.0,976635634
7027,2,1.0,976286630
7027,10,2.0,976286760
7027,32,4.0,976636062
7031,32,4.0,1005915741
7033,1,4.0,853801363
7033,6,3.0,853801424
7033,21,1.0,853803356
7033,32,1.0,853801362
7034,1,4.0,1111482512
7035,2,5.0,842393808
7035,10,4.0,842393490
7035,19,1.0,842393617
7035,21,1.0,842393617
7035,34,5.0,842393587
7036,10,3.0,835489210
7037,1,5.0,1444025853
7040,1,5.0,1056388989
7040,2,4.0,1056388159
7040,6,5.0,1056388517
7040,32,5.0,1056389347
7043,10,3.0,844491598
7045,1,5.0,849121277
7045,2,4.0,849121248
7045,19,5.0,849121196
7045,34,4.0,849121176
7047,2,3.0,1231703825
7047,6,2.5,1231703683
7047,10,3.5,1231705146
7047,19,2.5,1231703849
7047,21,4.5,1231703673
7047,25,4.5,1231703686
7047,32,4.5,1231703322
7051,34,5.0,838687411
7052,1,5.0,1433013979
7052,2,3.0,1433014027
7052,32,5.0,1433013984
7053,32,2.0,911557310
7055,19,4.0,1152175458
7056,6,5.0,850011100
7056,32,3.0,850011066
7059,6,4.0,974739971
7059,21,3.0,974740133
7059,25,3.0,974738995
7059,34,4.0,974737505
7061,2,3.0,995864532
7061,19,4.0,995863266
7064,2,3.0,1076849682
7064,21,2.0,1076849651
7064,32,3.5,1076849648
7066,1,3.0,939047812
7066,19,1.0,940112536
7066,21,3.0,1089483056
7066,25,3.5,1089483061
7066,32,5.0,939060441
7067,6,4.5,1204223505
7067,10,2.5,1204223352
7067,19,2.5,1204223855
7067,25,2.0,1204223503
7067,32,4.5,1204223209
7067,34,2.5,1204223285
7068,1,5.0,960183958
7068,10,4.0,960183734
7068,21,2.0,960183513
7068,32,4.0,960184602
7068,34,4.0,960183958
7071,10,4.0,1263280759
7071,21,4.0,1263280835
7071,32,4.5,1262592943
7073,1,4.0,835709619
7073,2,4.0,835710106
7073,10,1.0,835709571
7074,1,3.5,1426297656
7075,21,4.0,835611721
7076,6,4.0,1367269850
7076,25,3.0,1245657757
7079,6,3.0,835688187
7079,21,4.0,835688483
7083,21,4.0,840320328
7084,1,4.0,835723302
7084,2,5.0,835723400
7084,10,4.0,835723269
7084,32,5.0,835723330
7084,34,5.0,835723316
7085,32,4.5,1406031527
7086,1,3.5,1264355687
7086,2,3.5,1264355918
7086,10,3.5,1264355792
7086,19,3.5,1264355922
7086,32,3.5,1264354799
7086,34,2.5,1264355786
7089,1,3.5,1301635308
7089,10,2.5,1301635444
7090,1,5.0,1231244084
7096,1,4.0,859814052
7096,6,5.0,859814147
7096,10,5.0,859814199
7096,32,2.0,859814052
7100,1,4.0,848113008
7100,10,4.0,848112067
7100,17,4.0,848113008
7100,34,4.0,848112929
7101,1,5.0,836266164
7101,32,5.0,836266194
7103,1,4.0,1444688834
7106,1,4.0,879170921
7106,2,3.0,888823776
7106,17,4.0,887700277
7106,21,3.0,888823503
7106,25,1.0,889429507
7106,32,4.0,996259820
7106,34,3.0,879170338
7107,1,5.0,862800491
7107,6,4.0,862800525
7107,32,4.0,862800491
7108,32,5.0,1448040142
7111,17,5.0,1451678699
7114,1,3.0,832860438
7114,2,5.0,832860808
7114,10,4.0,832860438
7114,19,2.0,832860710
7114,21,5.0,832860598
7114,34,3.0,832860598
7115,32,4.0,943886494
7116,1,4.0,1426916279
7119,6,4.0,857904259
7119,17,3.0,857904122
7119,25,3.0,857904122
7119,32,2.0,857904122
7123,1,4.5,1289793672
7123,10,4.5,1289793777
7123,32,4.5,1289793703
7124,21,3.0,841753999
7124,34,5.0,841753980
7125,2,5.0,837728850
7125,21,5.0,837728755
7125,34,4.0,837728699
7132,1,3.5,1447725442
7132,2,3.5,1447725578
7132,6,4.0,1447725553
7132,19,3.0,1447725600
7132,34,3.0,1447722250
7133,1,3.5,1240923496
7135,1,4.0,1115354108
7135,2,2.5,1115407372
7135,10,3.0,1115354287
7135,32,3.5,1115354138
7137,21,4.0,956749767
7137,25,3.0,956749168
7140,17,4.0,1288595883
7140,19,2.5,1285458487
7140,32,3.0,1285458015
7140,34,2.5,1285460013
7141,1,3.5,1172693872
7141,2,2.5,1172694810
7141,19,4.5,1172694823
7141,34,1.0,1172694559
7144,2,4.0,829086042
7144,17,5.0,829086042
7144,21,3.0,829086042
7144,32,4.0,829086042
7146,34,3.0,953497714
7148,6,3.0,1009639796
7151,17,5.0,1385326723
7153,1,4.0,1116021203
7153,2,5.0,1116014170
7153,17,3.5,1116023366
7153,34,3.5,1116020732
7154,1,3.0,1378309944
7154,2,2.5,1378384856
7154,32,5.0,1378306011
7155,1,1.0,866108962
7155,17,4.0,866108963
7155,25,3.0,866108963
7157,10,4.0,1021648540
7157,17,4.0,1021639125
7159,19,3.0,1087384057
7161,1,4.5,1352703834
7161,32,4.0,1350619942
7161,34,4.0,1352703875
7164,1,5.0,944919057
7164,10,2.0,945986238
7164,32,5.0,944921038
7165,1,2.5,1343389350
7165,2,3.5,1343389820
7165,6,4.0,1343389717
7165,17,3.0,1374693095
7165,32,3.5,1343389412
7166,1,3.5,1424934752
7168,1,2.5,1439916436
7168,32,4.5,1439916872
7172,1,5.0,1002138849
7174,1,4.0,1349310016
7175,1,2.0,832773256
7175,2,3.0,832773571
7175,6,4.0,832774153
7175,10,4.0,832773256
7175,17,5.0,832773507
7175,19,3.0,832773370
7175,21,3.0,832773321
7175,25,4.0,832773638
7175,32,4.0,832773344
7175,34,1.0,832773344
7177,1,4.0,835490428
7177,10,3.0,835489449
7177,21,3.0,835490631
7177,32,3.0,835489684
7185,32,4.0,1448207769
7186,6,3.0,838038569
7186,10,4.0,838038253
7186,25,5.0,838038546
7190,2,5.0,866431023
7190,6,3.0,866331117
7193,21,3.5,1127142523
7196,32,4.0,834029055
7200,1,5.0,847138168
7200,32,5.0,847138096
7200,34,4.0,847138065
7202,32,4.0,1308332474
7203,2,3.5,1323662373
7203,34,4.5,1323662243
7204,10,3.0,837604261
7204,21,4.0,837604286
7204,32,4.0,837604349
7205,1,4.5,1359666438
7206,1,4.5,1167221538
7207,1,3.0,1043949725
7207,6,3.0,1043949821
7207,32,4.0,1043453216
7208,17,4.0,874852129
7208,25,3.0,874852091
7209,1,4.0,834646618
7210,17,4.0,1120009389
7210,25,2.5,1120009967
7212,1,5.0,829012220
7212,2,3.0,829012220
7212,10,4.0,829012220
7212,17,4.0,829012220
7212,21,5.0,829012219
7212,32,5.0,829012219
7212,34,5.0,829012592
7214,1,2.5,1440527348
7215,6,3.0,829047100
7215,10,3.0,829047100
7215,32,4.0,829047100
7217,1,3.5,1172074755
7217,6,3.5,1172074889
7217,10,3.5,1172074077
7217,17,4.0,1172074903
7217,19,1.5,1172074985
7217,21,3.0,1172074873
7217,25,3.5,1172074880
7217,32,4.0,1172074766
7219,2,3.0,844385613
7219,6,3.0,844385726
7219,10,3.0,844385385
7219,17,5.0,844385690
7219,19,3.0,844385508
7219,21,4.0,844385508
7219,25,4.0,844385764
7219,32,4.0,844385542
7219,34,4.0,844385477
7220,1,4.5,1180013189
7220,2,4.0,1446243763
7220,32,3.5,1423672841
7221,10,3.0,837146789
7221,19,2.0,837146874
7221,34,3.0,837146838
7223,10,3.0,837614273
7223,21,4.0,837614649
7223,34,4.0,837614565
7224,1,1.0,1043207018
7224,17,3.0,1043205978
7226,32,4.0,868865134
7229,10,4.0,1298144608
7229,32,4.5,1298077886
7229,34,2.5,1298144600
7231,1,4.0,854738338
7231,6,4.0,854738380
7231,17,4.0,854738338
7231,25,5.0,854738338
7235,1,2.5,1263409033
7235,2,1.0,1263414240
7235,6,5.0,1263414002
7235,10,3.5,1263413703
7235,19,2.5,1263414278
7235,32,4.0,1263409581
7235,34,2.0,1263413697
7236,10,3.0,847663663
7240,19,4.0,1124042370
7241,32,4.0,997366860
7242,1,4.0,857497874
7243,1,3.0,1233615869
7243,2,3.0,1233619800
7243,6,3.0,1233619061
7243,10,3.0,1233617270
7243,19,2.0,1233619936
7243,21,3.0,1233618373
7243,25,3.5,1233618599
7243,32,3.0,1233616345
7244,1,3.5,1113404039
7244,2,2.5,1113456908
7244,32,4.0,1113403301
7246,6,4.0,1086749593
7246,21,3.5,1346112889
7246,25,3.0,1029814644
7246,32,5.0,1086748967
7246,34,2.0,1029814644
7247,2,4.0,1365961581
7247,10,3.5,1365961452
7247,19,4.0,1365961612
7247,32,4.0,1365961330
7249,1,1.0,1005535972
7249,32,1.0,1005536003
7254,1,4.0,1225400943
7254,10,4.0,1225400083
7254,32,4.5,1225400858
7255,25,4.0,950049346
7255,34,2.0,950049833
7256,1,3.0,1447101353
7256,32,3.0,1447101364
7259,6,4.0,968792868
7259,32,4.0,968792608
7259,34,1.0,968792463
7260,1,4.0,848493852
7260,21,3.0,848493779
7262,1,4.0,855654976
7262,6,5.0,855655050
7262,25,4.0,855654976
7262,32,5.0,855654976
7264,19,3.0,1086439929
7264,21,4.0,1086453257
7264,32,3.5,1086440371
7265,10,1.0,841730786
7265,21,1.0,841730922
7265,25,5.0,841731210
7267,1,3.0,862693081
7267,6,3.0,862693159
7267,17,3.0,862693082
7267,32,4.0,862693081
7268,1,4.0,1089082675
7268,19,2.5,1089082826
7268,32,4.0,1094349682
7268,34,2.5,1094349748
7270,1,3.0,851420852
7270,21,5.0,851421179
7270,25,3.0,851420914
7270,32,4.0,851420852
7276,1,5.0,987206937
7276,34,3.0,987206603
7278,2,1.5,1447205754
7278,19,0.5,1447205779
7279,17,5.0,844144443
7280,32,4.0,977172802
7282,2,3.5,1163099402
7282,19,2.5,1163099377
7283,1,3.0,857829766
7283,6,5.0,857829799
7283,25,4.0,857829766
7283,32,5.0,857829765
7284,32,4.0,945129399
7285,17,5.0,1006379219
7289,2,3.0,956626304
7291,1,0.5,1443228246
7291,6,5.0,1443228311
7292,1,3.5,1330909467
7292,34,3.5,1330909648
7293,19,5.0,1418475168
7293,32,5.0,1418475089
7296,32,4.0,1017782026
7298,1,4.5,1122495905
7298,2,3.5,1186599984
7298,10,3.5,1186603317
7298,32,4.5,1122475212
7299,2,2.0,839507769
7299,10,3.0,839507492
7299,19,1.0,839507562
7299,21,3.0,839507665
7299,32,4.0,839507680
7299,34,5.0,839507543
7301,1,3.5,1439233798
7305,32,4.0,993386542
7310,6,2.0,946148250
7310,19,3.0,946086886
7310,25,2.0,946087711
7311,1,3.0,1441188043
7311,6,5.0,1441188180
7311,17,3.5,1441191208
7311,32,3.5,1441190477
7315,2,1.5,1420139315
7315,19,1.0,1420139319
7315,32,4.0,1420551463
7316,6,5.0,966216363
7318,19,4.5,1103134884
7321,6,3.0,860590288
7321,17,5.0,860589987
7321,32,2.0,860589986
7325,1,5.0,859452785
7326,1,3.0,855175714
7326,6,3.0,858958974
7326,10,3.0,840014511
7326,17,5.0,840019091
7326,21,3.0,840018923
7326,25,3.0,840019178
7326,32,5.0,840018955
7326,34,5.0,840018860
7328,32,2.0,945041866
7332,1,5.0,1447939257
7334,10,3.0,837674069
7334,19,1.0,837673312
7334,21,2.0,837673311
7334,25,5.0,837673312
7338,6,3.0,835455124
7338,10,4.0,835454183
7338,19,5.0,835454302
7342,1,4.0,1130946329
7342,6,4.0,1115221641
7342,21,3.0,1003274522
7342,32,3.5,1090185486
7342,34,4.0,1003274313
7345,1,4.0,1080600335
7345,6,3.5,1073115153
7345,10,4.0,1089755322
7345,19,2.0,1081180684
7345,21,2.5,1092407806
7346,21,3.0,1198909550
7347,19,2.5,1071325191
7348,10,3.0,837097919
7348,34,4.0,837097643
7349,25,4.0,995169151
7349,32,3.0,995168503
7350,6,3.5,1331720215
7350,25,4.5,1331720933
7350,32,5.0,1331720463
7354,1,4.0,1002077143
7354,32,3.0,1002077143
7364,1,5.0,856629771
7364,25,4.0,856629771
7364,32,4.0,856629771
7365,2,4.0,839014078
7365,17,4.0,839014163
7365,34,4.0,839013958
7366,6,5.0,1226902952
7367,10,3.0,847816566
7371,32,3.5,1420472695
7376,1,4.0,940416552
7376,17,4.0,940416190
7376,25,3.0,940416498
7376,32,3.0,940416451
7376,34,5.0,940416756
7377,1,3.0,1201535795
7377,10,3.0,1202134068
7377,32,4.0,1201536457
7377,34,2.0,1202134140
7380,1,3.0,860097207
7382,17,4.0,840028218
7382,25,4.0,840028574
7382,34,5.0,840028643
7383,1,4.5,1359031825
7383,32,3.5,1359030948
7384,6,4.0,834705264
7386,32,5.0,1013446960
7388,1,3.0,1187545847
7388,2,2.0,1173048520
7388,32,3.5,1180092561
7389,1,5.0,913756465
7389,34,5.0,913756912
7391,32,1.5,1308947137
7394,2,4.0,846323819
7394,34,5.0,846323744
7395,1,5.0,1159947796
7395,2,3.5,1159948077
7395,19,4.0,1159948086
7395,32,4.5,1159947599
7395,34,4.0,1159947869
7397,6,5.0,836559639
7397,10,5.0,836712238
7397,32,5.0,836712225
7401,1,3.0,857312804
7403,1,4.0,1179853813
7403,2,4.0,1193066751
7403,6,4.0,1193030378
7403,10,2.0,1193030163
7403,19,3.0,1193066637
7403,21,2.5,1193031275
7403,25,2.5,1193066563
7403,32,2.0,1179853488
7407,10,3.5,1256229984
7407,17,2.5,1256230268
7407,32,2.0,1256230317
7407,34,3.5,1256226810
7409,32,4.5,1225556962
7410,1,5.0,828453013
7410,19,4.0,828453664
7410,34,5.0,828453664
7414,1,2.0,834560272
7414,10,3.0,834560238
7420,1,4.0,1323990664
7421,1,4.0,859554645
7421,6,3.0,859556106
7421,32,4.0,859554645
7422,1,4.0,946524607
7422,2,3.0,946524202
7422,6,3.0,946525343
7422,10,5.0,946524202
7422,34,4.0,946796848
7423,32,4.0,1127944002
7423,34,4.0,1127944034
7424,25,3.0,854207017
7426,6,5.0,1000146954
7426,10,4.0,1000146327
7426,19,1.0,1049881005
7426,21,3.0,1049878774
7426,25,3.0,1022778695
7426,32,4.0,1000486371
7427,2,3.0,841574437
7427,17,5.0,841216243
7427,21,3.0,841216155
7427,25,5.0,841216327
7427,32,5.0,841216186
7427,34,3.0,841216127
7430,1,3.5,1107269842
7430,34,4.0,1107269112
7431,1,0.5,1452136649
7432,1,2.0,967685070
7432,17,5.0,967683430
7432,25,1.0,967684279
7432,32,2.0,967684279
7434,1,4.0,907941457
7434,6,4.0,907946203
7434,17,5.0,907941377
7434,25,4.0,907945375
7435,10,4.5,1183532066
7437,1,3.5,1111859356
7438,32,4.0,1042428211
7440,2,1.5,1441300771
7440,10,1.0,1442185132
7440,19,2.5,1442170566
7440,32,4.0,1441716456
7441,1,4.5,1323353205
7441,6,4.0,1323352951
7441,10,3.0,1323355598
7441,32,3.5,1323353960
7441,34,4.0,1323355587
7442,1,3.0,901218174
7442,2,2.0,901220179
7442,10,4.0,901220179
7442,19,2.0,901218594
7444,6,5.0,837407006
7444,10,4.0,837406476
7444,19,4.0,837406914
7444,21,4.0,837406913
7446,6,4.0,836674555
7446,17,5.0,836674113
7448,34,5.0,944926163
7449,1,5.0,832529281
7449,32,3.0,832529342
7449,34,5.0,832529342
7457,1,4.5,1448672728
7457,19,2.0,1448672223
7459,6,4.0,1116220612
7459,19,3.0,1117168672
7463,32,4.0,839669231
7463,34,3.0,839669153
7465,2,4.0,839434963
7465,10,3.0,839434719
7465,19,3.0,839434802
7465,21,3.0,839434802
7465,32,5.0,839434855
7465,34,3.0,839434769
7466,1,5.0,856386639
7466,6,5.0,856386683
7466,25,4.0,856386639
7466,32,3.0,856386638
7467,32,4.0,1429027615
7468,34,1.0,948952511
7471,19,1.5,1139247015
7473,2,3.0,840721465
7473,19,1.0,840721307
7475,1,5.0,987454416
7476,1,4.0,949545811
7476,25,3.0,949546560
7477,2,4.0,845839451
7477,10,3.0,845839283
7477,19,1.0,845839388
7478,1,5.0,865525292
7478,6,2.0,865525360
7478,17,5.0,865525292
7478,25,3.0,865525292
7482,1,5.0,1428354807
7482,2,5.0,1428354892
7482,6,3.0,1428354873
7482,19,0.5,1428354895
7483,1,4.5,1453034865
7484,1,4.0,862645143
7489,10,3.0,842335102
7489,17,5.0,842335406
7489,21,5.0,842335233
7489,34,5.0,842335206
7491,32,5.0,836422883
7493,25,4.0,1045104581
7495,1,1.0,853576148
7495,17,5.0,853576148
7495,25,1.0,853576148
7495,32,5.0,853576148
7496,1,4.0,1216669227
7497,1,4.0,940005089
7497,21,4.0,940011541
7497,32,5.0,940005046
7499,10,4.0,840093192
7499,21,4.0,840093264
7499,34,4.0,840093234
