movieId,imdbId,tmdbId
1,tt0114709,862
2,tt0113497,8844
3,tt0113228,15602
4,tt0114885,31357
5,tt0113041,11862
6,tt0113277,949
7,tt0114319,11860
8,tt0112302,45325
9,tt0114576,9091
10,tt0113189,710
11,tt0112346,9087
12,tt0112896,12110
13,tt0112453,21032
14,tt0113987,10858
15,tt0112760,1408
16,tt0112641,524
17,tt0114388,4584
18,tt0113101,5
19,tt0112281,9273
20,tt0113845,11517
21,tt0113161,8012
22,tt0112722,1710
23,tt0112401,9691
24,tt0114168,12665
25,tt0113627,451
26,tt0114057,16420
27,tt0114011,9263
28,tt0114117,17015
29,tt0112682,902
31,tt0112792,9909
32,tt0114746,63
34,tt0112431,9598
35,tt0112637,47018
36,tt0112818,687
39,tt0112697,9603
40,tt0112749,34615
41,tt0114279,31174
42,tt0112819,11443
43,tt0114272,35196
44,tt0113855,9312
45,tt0114681,577
46,tt0113347,11861
47,tt0114369,807
48,tt0114148,10530
50,tt0114814,629
52,tt0113819,11448
54,tt0112499,26441
55,tt0113158,97406
57,tt0113321,9089
58,tt0110877,11010
60,tt0113419,11359
61,tt0116260,17182
62,tt0113862,2054
63,tt0116126,10607
64,tt0118002,19760
65,tt0115683,9536
66,tt0116839,11525
67,tt0114753,40628
68,tt0113149,4482
69,tt0113118,10634
70,tt0116367,755
72,tt0113537,28387
73,tt0113828,48750
74,tt0115644,20927
75,tt0115676,36929
76,tt0114367,9102
78,tt0112744,27526
79,tt0116731,9623
81,tt0114660,400
82,tt0112379,880
83,tt0114039,146599
85,tt0112365,8447
86,tt0118158,10534
87,tt0116151,17414
88,tt0115697,13997
89,tt0113972,2086
92,tt0117002,9095
94,tt0115639,9283
95,tt0115759,9208
96,tt0113403,40154
97,tt0113247,406
99,tt0113283,63076
100,tt0115907,11062
101,tt0115734,13685
102,tt0117102,47475
103,tt0118040,2045
104,tt0116483,9614
105,tt0112579,688
107,tt0117110,10874
110,tt0112573,197
111,tt0075314,103
112,tt0113326,33542
113,tt0115645,43566
114,tt0113774,71754
116,tt0112373,51352
117,tt0115033,16934
118,tt0116606,10324
119,tt0114536,78406
121,tt0106473,32119
122,tt0103859,11066
123,tt0109424,11104
124,tt0114808,37975
125,tt0116324,2074
126,tt0110647,27793
131,tt0113107,73067
132,tt0113451,11863
135,tt0116130,9101
140,tt0118055,9302
141,tt0115685,11000
144,tt0112585,16388
145,tt0112442,9737
146,tt0112342,30765
147,tt0112461,10474
149,tt0109093,30157
150,tt0112384,568
151,tt0114287,11780
152,tt0112288,34996
153,tt0112462,414
154,tt0061395,649
155,tt0112495,1873
156,tt0112541,5894
157,tt0109370,1775
158,tt0112642,8839
159,tt0112688,20649
160,tt0112715,10329
161,tt0112740,8963
162,tt0109508,26564
163,tt0112851,8068
164,tt0112857,8512
165,tt0112864,1572
168,tt0113071,6520
169,tt0113114,9073
170,tt0113243,10428
171,tt0113464,17447
172,tt0113481,9886
173,tt0113492,9482
174,tt0113500,19326
175,tt0113540,9344
176,tt0113677,9071
177,tt0113690,8973
178,tt0107447,15730
179,tt0113729,47608
180,tt0113749,2293
181,tt0113820,9070
182,tt0113851,68274
183,tt0110604,48787
184,tt0110620,34574
185,tt0113957,1642
186,tt0113986,11472
188,tt0114194,11980
190,tt0114323,32646
191,tt0114345,10533
193,tt0114436,10802
194,tt0114478,10149
195,tt0114496,18402
196,tt0114508,9348
198,tt0114558,281
199,tt0058450,5967
202,tt0114702,36834
203,tt0114682,9090
204,tt0114781,3512
205,tt0114798,52856
206,tt0114805,77350
207,tt0114887,9560
208,tt0114898,9804
209,tt0114928,31611
213,tt0111579,50797
214,tt0110882,19155
215,tt0112471,76
216,tt0112508,11017
217,tt0112438,37141
218,tt0112571,9382
219,tt0112757,6715
222,tt0112679,22625
223,tt0109445,2292
224,tt0112883,1909
225,tt0109635,8984
227,tt0109676,4954
228,tt0112854,62488
229,tt0109579,10531
230,tt0109642,11929
231,tt0109686,8467
232,tt0111797,10451
233,tt0109759,20156
234,tt0109758,18395
235,tt0109707,522
236,tt0113117,397
237,tt0113097,10525
239,tt0113198,15789
240,tt0113303,27303
242,tt0109771,10954
243,tt0113199,47867
244,tt0113234,43475
245,tt0109906,72031
246,tt0110057,14275
247,tt0110005,1024
248,tt0110066,17207
249,tt0110116,13701
250,tt0110006,14819
251,tt0113360,32631
252,tt0110099,11777
253,tt0110148,628
254,tt0113463,87729
256,tt0110216,6280
257,tt0113501,9061
258,tt0113538,37108
259,tt0113552,6071
260,tt0076759,11
261,tt0110367,9587
262,tt0113670,19101
265,tt0103994,18183
266,tt0110322,4476
267,tt0110443,11008
269,tt0107566,32325
270,tt0110391,43742
271,tt0113691,28313
272,tt0110428,11318
273,tt0109836,3036
274,tt0113755,40490
275,tt0110538,24070
276,tt0110516,8986
277,tt0110527,10510
278,tt0113808,17402
279,tt0113896,38722
280,tt0113870,8438
281,tt0110684,11593
282,tt0110638,1945
283,tt0113967,39310
285,tt0106402,56428
287,tt0110671,131957
288,tt0110632,241
289,tt0110737,9058
290,tt0110729,527
291,tt0114151,18220
292,tt0114069,6950
293,tt0110413,101
294,tt0114113,63020
296,tt0110912,680
299,tt0110889,40156
300,tt0110932,11450
302,tt0110963,10452
303,tt0114214,12106
304,tt0114296,161495
305,tt0110907,3586
306,tt0111495,110
307,tt0108394,108
308,tt0111507,109
309,tt0110769,159185
310,tt0114268,36357
311,tt0110965,92769
312,tt0114571,28033
313,tt0111333,22586
314,tt0111112,14334
315,tt0111255,2636
316,tt0111282,2164
317,tt0111070,11395
318,tt0111161,278
319,tt0111149,9905
320,tt0108260,87078
321,tt0106966,12527
322,tt0114594,20306
324,tt0111309,36614
325,tt0113936,27993
326,tt0110081,31439
327,tt0114614,9067
328,tt0114608,9059
329,tt0111280,193
330,tt0114609,25066
331,tt0111454,46797
332,tt0114852,12122
333,tt0114694,11381
334,tt0111590,32636
337,tt0108550,1587
338,tt0114857,9271
339,tt0114924,2064
340,tt0111667,19855
341,tt0109655,60855
342,tt0110598,236
343,tt0112435,48287
344,tt0109040,3049
345,tt0109045,2759
347,tt0104779,10497
348,tt0109348,11382
349,tt0109444,9331
350,tt0109446,10731
351,tt0109484,10464
352,tt0109504,34152
353,tt0109506,9495
354,tt0109450,29973
355,tt0109813,888
356,tt0109830,13
357,tt0109831,712
358,tt0113305,16295
359,tt0110091,48992
360,tt0110093,10879
361,tt0110167,10660
362,tt0110213,10714
364,tt0110357,8587
365,tt0107426,1689
366,tt0111686,11596
367,tt0110475,854
368,tt0110478,9359
369,tt0110588,23333
370,tt0110622,36593
371,tt0110771,12280
372,tt0110950,2788
373,tt0105226,10427
374,tt0110989,11011
376,tt0110997,8987
377,tt0111257,1637
378,tt0111256,15128
379,tt0111438,8831
380,tt0111503,36955
381,tt0111693,10449
382,tt0111742,10395
383,tt0111756,12160
384,tt0112443,40480
387,tt0110399,26352
388,tt0112570,39953
393,tt0111301,11667
405,tt0110027,8011
407,tt0113409,2654
408,tt0109021,18069
409,tt0109035,19092
410,tt0106220,2758
412,tt0106226,10436
413,tt0109068,13595
415,tt0106292,9409
416,tt0109198,11853
417,tt0109219,16771
418,tt0106379,46924
419,tt0106400,11041
420,tt0109254,306
421,tt0109279,14522
422,tt0109297,26203
423,tt0109303,178
425,tt0109306,57834
426,tt0106452,4722
427,tt0106471,18215
428,tt0106489,1607
431,tt0106519,6075
432,tt0109439,11310
433,tt0109443,18658
434,tt0106582,9350
435,tt0106598,9612
437,tt0109480,26261
440,tt0106673,11566
441,tt0106677,9571
442,tt0106697,9739
444,tt0106834,34444
445,tt0106873,26141
446,tt0106332,10997
448,tt0106881,10443
450,tt0111732,16297
451,tt0106926,18551
452,tt0111712,25440
453,tt0106941,9024
454,tt0106918,37233
455,tt0106965,1634
457,tt0106977,5503
458,tt0107004,35588
460,tt0109891,41579
461,tt0109913,18620
464,tt0107076,2019
466,tt0107144,9255
467,tt0113674,26271
468,tt0112966,10612
469,tt0107151,2259
470,tt0110064,16097
471,tt0110074,11934
472,tt0110097,106143
474,tt0107206,9386
475,tt0107207,7984
476,tt0110137,59930
477,tt0108551,15765
479,tt0107286,6
480,tt0107290,329
481,tt0107302,10909
482,tt0110265,507
484,tt0110305,29918
485,tt0107362,9593
489,tt0107478,12121
490,tt0107497,2246
491,tt0107501,10502
492,tt0107507,10440
493,tt0107554,9516
494,tt0116253,2320
495,tt0074102,5879
496,tt0111689,83718
497,tt0107616,11971
500,tt0107614,788
501,tt0107653,21450
502,tt0110657,11231
505,tt0110687,31586
506,tt0107756,9300
507,tt0107808,9559
508,tt0107818,9800
509,tt0107822,713
510,tt0107840,8291
511,tt0107889,18133
512,tt0111003,25557
513,tt0110939,22588
514,tt0110955,10872
515,tt0107943,1245
516,tt0110971,11858
517,tt0107969,7007
519,tt0107978,5550
520,tt0107977,8005
521,tt0107983,2088
524,tt0108002,14534
527,tt0108052,424
528,tt0111094,35233
529,tt0108065,14291
531,tt0108071,11236
532,tt0111127,11592
533,tt0111143,8850
534,tt0108101,10445
535,tt0108122,695
537,tt0111201,12519
538,tt0108149,23210
539,tt0108160,858
540,tt0108162,867
541,tt0083658,78
542,tt0108186,13203
543,tt0108174,10442
544,tt0108238,11074
546,tt0108255,9607
547,tt0111323,17585
548,tt0111400,9057
549,tt0108328,20967
550,tt0111418,10635
551,tt0107688,9479
552,tt0108333,10057
553,tt0108358,11969
554,tt0111488,41590
555,tt0108399,319
556,tt0108515,26408
558,tt0110763,15139
562,tt0114906,11446
563,tt0107002,51980
569,tt0110363,31504
575,tt0110366,10897
577,tt0109120,21352
581,tt0112651,32562
584,tt0106678,124304
585,tt0112572,9066
586,tt0099785,771
587,tt0099653,251
588,tt0103639,812
589,tt0103064,280
590,tt0099348,581
592,tt0096895,268
593,tt0102926,274
594,tt0029583,408
595,tt0101414,10020
596,tt0032910,10895
597,tt0100405,114
599,tt0065214,576
600,tt0110395,15477
602,tt0109934,124472
605,tt0117247,7300
606,tt0112625,10824
608,tt0116282,275
609,tt0116552,25059
610,tt0082509,11827
611,tt0116514,8766
612,tt0117283,23570
613,tt0116684,47333
616,tt0065421,10112
619,tt0116165,32308
626,tt0117891,28121
627,tt0113613,12520
628,tt0117381,1592
630,tt0115837,36447
631,tt0115509,19042
633,tt0112844,47449
634,tt0114658,36259
635,tt0116275,41852
637,tt0117608,9099
639,tt0116414,61752
640,tt0116095,10988
645,tt0113947,12652
647,tt0115956,10684
648,tt0117060,954
650,tt0117071,18989
653,tt0116136,8840
656,tt0116168,11107
659,tt0054189,10363
660,tt0115591,161070
661,tt0116683,10539
662,tt0116287,10543
663,tt0116768,18414
664,tt0116269,47502
665,tt0114787,11902
666,tt0113720,27098
667,tt0112536,25087
668,tt0048473,5801
670,tt0052572,896
671,tt0117128,3065
673,tt0117705,2300
674,tt0062711,8069
679,tt0114307,221917
681,tt0082206,35797
685,tt0113443,33245
688,tt0114048,27281
691,tt0117104,40001
694,tt0117774,20762
697,tt0116289,12656
700,tt0112368,25969
703,tt0115742,43634
704,tt0117420,9103
705,tt0115951,90214
706,tt0117784,29649
707,tt0117107,10990
708,tt0117979,8866
709,tt0095776,12233
710,tt0115851,23449
711,tt0116322,36355
712,tt0109374,37667
713,tt0110712,90148
714,tt0112817,922
718,tt0108500,11687
719,tt0117108,9304
720,tt0118114,
724,tt0115963,9100
725,tt0116448,20759
728,tt0112701,32513
731,tt0116508,36915
732,tt0117260,40507
733,tt0117500,9802
735,tt0109592,21588
736,tt0117998,664
737,tt0115624,11867
741,tt0113568,9323
742,tt0117894,10280
743,tt0117723,10535
745,tt0112691,532
746,tt0040366,26744
747,tt0117768,16299
748,tt0115571,10547
750,tt0057012,935
756,tt0109381,255546
761,tt0117331,9826
762,tt0117765,9879
765,tt0116669,7095
766,tt0116594,26890
770,tt0038426,
771,tt0094265,202425
773,tt0070820,77771
778,tt0117951,627
779,tt0118523,32872
780,tt0116629,602
781,tt0117737,14553
782,tt0116277,9566
783,tt0116583,10545
784,tt0115798,9894
785,tt0116778,11543
786,tt0116213,9268
788,tt0117218,9327
790,tt0111546,81949
791,tt0113610,
795,tt0111237,44535
798,tt0116040,11228
799,tt0116365,10779
800,tt0116905,26748
801,tt0116493,38223
802,tt0117333,9294
803,tt0118113,49963
804,tt0117628,11363
805,tt0117913,1645
807,tt0114266,77056
808,tt0115493,36344
810,tt0116756,11511
818,tt0118073,12606
824,tt0110246,12632
828,tt0115472,18975
830,tt0116313,2925
832,tt0117438,3595
833,tt0116531,9308
834,tt0117332,92381
835,tt0116353,18555
836,tt0115857,12123
837,tt0117008,10830
838,tt0116191,3573
839,tt0115986,10546
840,tt0116571,18862
841,tt0053459,31417
842,tt0117826,9431
844,tt0108227,297645
848,tt0117718,47907
849,tt0116225,10061
850,tt0112767,36266
851,tt0115632,549
852,tt0117918,10478
858,tt0068646,238
860,tt0109255,159
861,tt0104558,11134
866,tt0115736,9303
867,tt0115836,23945
869,tt0116745,22479
870,tt0119214,9054
875,tt0110693,
876,tt0106544,38955
879,tt0120004,11015
880,tt0116654,9306
881,tt0116311,12559
882,tt0117965,58770
885,tt0115725,3587
886,tt0115783,10723
888,tt0113596,19004
891,tt0113253,10987
892,tt0117991,44705
893,tt0117093,20318
897,tt0035896,27854
898,tt0032904,981
899,tt0045152,872
900,tt0043278,2769
901,tt0050419,13320
902,tt0054698,164
903,tt0052357,426
904,tt0047396,567
905,tt0025316,3078
906,tt0036855,13528
907,tt0025164,28288
908,tt0053125,213
909,tt0053604,284
910,tt0053291,239
911,tt0056923,4808
912,tt0034583,289
913,tt0033870,963
914,tt0058385,11113
915,tt0047437,6620
916,tt0046250,804
917,tt0031580,26531
918,tt0037059,909
919,tt0032138,630
920,tt0031381,770
921,tt0084370,31044
922,tt0043014,599
923,tt0033467,15
924,tt0062622,62
926,tt0042192,705
928,tt0032976,223
929,tt0032484,25670
930,tt0038787,303
931,tt0038109,4174
932,tt0050105,8356
933,tt0048728,381
934,tt0042451,20758
935,tt0045537,29376
937,tt0050658,18299
938,tt0051658,17281
940,tt0029843,10907
941,tt0032762,32093
942,tt0037008,1939
943,tt0039420,22292
944,tt0029162,3598
945,tt0027125,3080
946,tt0035446,198
947,tt0028010,13562
948,tt0049261,1712
949,tt0048028,220
950,tt0025878,3529
951,tt0032599,3085
952,tt0048960,2897
953,tt0038650,1585
954,tt0031679,3083
955,tt0029947,900
956,tt0034012,43795
958,tt0036094,50001
960,tt0038300,22688
964,tt0039152,22356
965,tt0026029,260
966,tt0038235,43488
967,tt0036241,22613
968,tt0063350,10331
969,tt0043265,488
971,tt0051459,261
973,tt0033891,32574
974,tt0029855,22657
982,tt0048491,39940
986,tt0116329,11076
991,tt0117039,1770
994,tt0115678,18203
996,tt0116830,9333
998,tt0117603,9400
999,tt0115438,9401
1003,tt0116259,11306
1004,tt0116421,9625
1006,tt0115862,6346
1007,tt0072653,18660
1009,tt0072951,14821
1010,tt0064603,14136
1011,tt0071607,10869
1012,tt0050798,22660
1013,tt0055277,19186
1014,tt0054195,31102
1015,tt0107131,6878
1017,tt0054357,18444
1018,tt0059793,20723
1019,tt0046672,173
1020,tt0106611,864
1021,tt0109127,24795
1022,tt0042332,11224
1023,tt0063819,81310
1025,tt0057546,9078
1027,tt0102798,8367
1028,tt0058331,433
1029,tt0033563,11360
1030,tt0076538,11114
1031,tt0066817,12335
1032,tt0043274,12092
1033,tt0082406,10948
1034,tt0116361,11229
1035,tt0059742,15121
1036,tt0095016,562
1037,tt0104692,10163
1038,tt0118044,48862
1040,tt0117582,47199
1041,tt0117589,11159
1042,tt0117887,9591
1043,tt0117924,30500
1044,tt0117791,41843
1046,tt0115640,10938
1047,tt0116908,11412
1049,tt0116409,10586
1050,tt0116913,42314
1051,tt0117958,27845
1054,tt0116404,49471
1056,tt0116722,25147
1057,tt0116242,9716
1058,tt0115600,43777
1059,tt0117509,454
1060,tt0117802,10218
1061,tt0117665,819
1064,tt0115491,11238
1066,tt0029546,31530
1067,tt0028757,66473
1068,tt0039286,28120
1069,tt0037101,1834
1073,tt0067992,252
1075,tt0111622,116356
1076,tt0055018,16372
1077,tt0070707,11561
1078,tt0066808,11302
1079,tt0095159,623
1080,tt0079470,583
1081,tt0084865,12614
1082,tt0068334,21711
1083,tt0059243,11575
1084,tt0061418,475
1085,tt0052027,11331
1086,tt0046912,521
1088,tt0092890,88
1089,tt0105236,500
1090,tt0091763,792
1091,tt0098627,8491
1092,tt0103772,402
1093,tt0101761,10537
1094,tt0104036,11386
1095,tt0104348,9504
1096,tt0084707,15764
1097,tt0083866,601
1099,tt0029992,25842
1100,tt0099371,2119
1101,tt0092099,744
1103,tt0048545,221
1104,tt0044081,702
1105,tt0115885,25750
1111,tt0117040,9305
1112,tt0117284,37616
1113,tt0115580,11112
1114,tt0116378,21612
1120,tt0117318,1630
1124,tt0082846,11816
1125,tt0072081,11843
1126,tt0101775,10379
1127,tt0096754,2756
1128,tt0080749,790
1129,tt0082340,1103
1131,tt0091288,4480
1132,tt0091480,4481
1133,tt0111357,
1135,tt0081375,10765
1136,tt0071853,762
1147,tt0118147,10548
1148,tt0108598,531
1150,tt0084589,4483
1161,tt0078875,659
1162,tt0069198,30892
1171,tt0103850,10608
1172,tt0095765,11216
1173,tt0097108,7452
1175,tt0101700,892
1176,tt0101765,1600
1177,tt0101811,26561
1178,tt0050825,975
1179,tt0099703,18129
1180,tt0102014,54405
1181,tt0120121,150823
1183,tt0116209,409
1184,tt0102426,38251
1185,tt0097937,10161
1186,tt0098724,1412
1188,tt0105488,10409
1189,tt0096257,14285
1190,tt0101026,2469
1192,tt0100332,31225
1193,tt0073486,510
1194,tt0078446,11455
1196,tt0080684,1891
1197,tt0093779,2493
1198,tt0082971,85
1199,tt0088846,68
1200,tt0090605,679
1201,tt0060196,429
1202,tt0094336,13446
1203,tt0050083,389
1204,tt0056172,947
1206,tt0066921,185
1207,tt0056592,595
1208,tt0078788,28
1209,tt0064116,335
1210,tt0086190,1892
1211,tt0093191,144
1212,tt0041959,1092
1213,tt0099685,769
1214,tt0078748,348
1215,tt0106308,766
1216,tt0095250,175
1217,tt0089881,11645
1218,tt0097202,10835
1219,tt0054215,539
1220,tt0080455,525
1221,tt0071562,240
1222,tt0093058,600
1223,tt0104361,530
1224,tt0097499,10705
1225,tt0086879,279
1226,tt0045061,3109
1227,tt0087843,311
1228,tt0081398,1578
1230,tt0075686,703
1231,tt0086197,9549
1232,tt0079944,1398
1233,tt0082096,387
1234,tt0070735,9277
1235,tt0067185,343
1237,tt0050976,490
1238,tt0085859,11235
1240,tt0088247,218
1241,tt0103873,763
1242,tt0097441,9665
1243,tt0100519,18971
1244,tt0079522,696
1245,tt0100150,379
1246,tt0097165,207
1247,tt0061722,37247
1248,tt0052311,1480
1249,tt0100263,9322
1250,tt0050212,826
1251,tt0056801,422
1252,tt0071315,829
1253,tt0043456,828
1254,tt0040897,3090
1255,tt0092610,9964
1256,tt0023969,3063
1257,tt0088794,13667
1258,tt0081505,694
1259,tt0092005,235
1260,tt0022100,832
1261,tt0092991,765
1262,tt0057115,5925
1263,tt0077416,11778
1264,tt0082269,4485
1265,tt0107048,137
1266,tt0105695,33
1267,tt0056218,982
1268,tt0100436,8428
1269,tt0036613,212
1270,tt0088763,105
1271,tt0101921,1633
1272,tt0066206,11202
1273,tt0090967,1554
1274,tt0094625,149
1275,tt0091203,8009
1276,tt0061512,903
1277,tt0099334,11673
1278,tt0072431,3034
1279,tt0102536,339
1280,tt0101640,10404
1281,tt0032553,914
1282,tt0032455,756
1283,tt0044706,288
1284,tt0038355,910
1285,tt0097493,2640
1286,tt0081534,16633
1287,tt0052618,665
1288,tt0088258,11031
1289,tt0085809,11314
1290,tt0094006,15143
1291,tt0097576,89
1292,tt0078841,10322
1293,tt0083987,783
1295,tt0096332,10644
1296,tt0091867,11257
1297,tt0089886,14370
1298,tt0084503,12104
1299,tt0087553,625
1300,tt0089606,8816
1301,tt0049223,830
1302,tt0097351,2323
1303,tt0073341,983
1304,tt0064115,642
1305,tt0087884,655
1307,tt0098635,639
1317,tt0116601,61536
1320,tt0103644,8077
1321,tt0082010,814
1327,tt0078767,11449
1328,tt0099030,41848
1333,tt0056869,571
1334,tt0051418,8851
1337,tt0037549,30346
1339,tt0103874,6114
1340,tt0026138,229
1341,tt0074258,13549
1342,tt0103919,9529
1343,tt0101540,1598
1344,tt0055824,11349
1345,tt0074285,7340
1346,tt0083722,6217
1347,tt0087800,377
1348,tt0013442,653
1350,tt0075005,794
1351,tt0115710,31640
1353,tt0117057,25189
1354,tt0115751,145
1356,tt0117731,199
1357,tt0117631,7863
1358,tt0117666,12498
1359,tt0116705,9279
1361,tt0117293,17204
1363,tt0117372,21539
1365,tt0117477,12709
1366,tt0115988,20539
1367,tt0115433,11674
1370,tt0099423,1573
1371,tt0079945,152
1372,tt0102975,174
1373,tt0098382,172
1374,tt0084726,154
1375,tt0088170,157
1376,tt0092007,168
1377,tt0103776,364
1378,tt0096487,11967
1379,tt0100994,9086
1380,tt0077631,621
1381,tt0084021,9037
1382,tt0100114,10173
1385,tt0105690,8845
1387,tt0073195,578
1388,tt0077766,579
1389,tt0085750,17692
1390,tt0117119,17795
1391,tt0116996,75
1392,tt0115906,13891
1393,tt0116695,9390
1394,tt0093822,378
1396,tt0105435,2322
1397,tt0115633,41240
1398,tt0116621,26949
1399,tt0116999,9819
1401,tt0116410,31908
1405,tt0115641,3179
1407,tt0117571,4232
1408,tt0104691,9361
1409,tt0117038,2928
1411,tt0116477,10549
1412,tt0117690,58102
1413,tt0118163,18451
1414,tt0117091,27265
1416,tt0116250,8818
1419,tt0067959,36040
1422,tt0119731,9415
1423,tt0116506,55146
1425,tt0119115,12145
1427,tt0120390,34314
1429,tt0116704,9404
1438,tt0118928,9619
1439,tt0119644,40506
1441,tt0106387,4104
1445,tt0119640,14908
1446,tt0116790,784
1449,tt0118111,16448
1450,tt0116754,55936
1453,tt0118691,17894
1457,tt0119141,1968
1459,tt0118548,66
1460,tt0120317,20735
1461,tt0120434,11419
1464,tt0116922,638
1465,tt0120036,25624
1466,tt0119008,9366
1468,tt0118750,21915
1472,tt0118859,18420
1474,tt0119432,9446
1476,tt0119951,9403
1479,tt0120053,10003
1480,tt0120152,9311
1482,tt0118064,11844
1483,tt0115964,884
1484,tt0116041,49806
1485,tt0119528,1624
1487,tt0120094,16052
1488,tt0118972,4477
1489,tt0118829,24662
1493,tt0116931,76996
1495,tt0120389,6499
1496,tt0118623,50512
1499,tt0118615,9360
1500,tt0119229,9434
1501,tt0116762,118991
1503,tt0118541,13982
1507,tt0119859,77223
1511,tt0117050,105763
1513,tt0120032,9611
1514,tt0116295,47694
1515,tt0120461,10357
1516,tt0115886,9977
1517,tt0118655,816
1518,tt0118771,2163
1527,tt0119116,18
1532,tt0120190,60082
1533,tt0117398,105045
1537,tt0117615,11239
1539,tt0120394,15321
1541,tt0118556,2058
1542,tt0115744,9450
1544,tt0119567,330
1547,tt0120118,33660
1552,tt0118880,1701
1556,tt0120179,1639
1562,tt0118688,415
1566,tt0119282,11970
1569,tt0119738,8874
1573,tt0119094,754
1580,tt0119654,607
1584,tt0118884,686
1585,tt0116930,65046
1586,tt0119173,4421
1587,tt0082198,9387
1588,tt0119190,10603
1589,tt0118887,2142
1590,tt0119081,8413
1591,tt0120177,10336
1592,tt0118570,20737
1593,tt0119896,9413
1594,tt0119361,14585
1595,tt0119152,18519
1597,tt0118883,8834
1598,tt0118966,9458
1600,tt0120112,38295
1601,tt0119311,22073
1603,tt0119675,4961
1604,tt0119695,9416
1606,tt0119484,17832
1608,tt0118571,9772
1610,tt0099810,1669
1614,tt0119360,10806
1616,tt0119874,6623
1617,tt0119488,2118
1619,tt0120102,978
1620,tt0119468,9437
1621,tt0120169,29461
1623,tt0120524,10351
1625,tt0119174,2649
1626,tt0119123,14289
1627,tt0120399,10155
1633,tt0120402,55306
1635,tt0119349,68924
1639,tt0118842,2255
1641,tt0119164,9427
1642,tt0116631,172545
1643,tt0119280,17589
1644,tt0119345,3597
1645,tt0118971,1813
1646,tt0120029,36797
1648,tt0119324,33344
1653,tt0119177,782
1660,tt0119080,45153
1662,tt0118900,14398
1663,tt0083131,10890
1665,tt0118689,1281
1667,tt0119592,9770
1671,tt0119527,14583
1672,tt0119978,11975
1673,tt0118749,4995
1674,tt0090329,9281
1676,tt0120201,563
1678,tt0107282,19931
1680,tt0120148,10215
1681,tt0119707,9823
1682,tt0120382,37165
1683,tt0120520,45609
1684,tt0119723,38904
1687,tt0119395,4824
1688,tt0118617,9444
1690,tt0118583,8078
1693,tt0118607,11831
1694,tt0118632,2895
1701,tt0118954,2639
1702,tt0119137,9574
1704,tt0119217,489
1706,tt0116490,293820
1707,tt0119303,9714
1711,tt0119668,8197
1713,tt0119715,6283
1717,tt0120082,4233
1719,tt0120255,10217
1721,tt0120338,597
1722,tt0120347,714
1725,tt0119052,62394
1727,tt0119314,547
1729,tt0119396,184
1732,tt0118715,115
1734,tt0119590,27103
1735,tt0119223,9410
1739,tt0118539,32302
1744,tt0120670,41417
1747,tt0120885,586
1748,tt0118929,2666
1753,tt0120693,9490
1754,tt0119099,9411
1760,tt0120185,6116
1762,tt0118956,9457
1769,tt0120008,11702
1772,tt0118747,11568
1777,tt0120888,11003
1779,tt0120184,10153
1780,tt0118662,49645
1784,tt0119822,2898
1785,tt0099939,9558
1791,tt0119594,26269
1792,tt0120873,11808
1794,tt0119574,47452
1797,tt0120661,21736
1799,tt0120241,10668
1801,tt0120744,9313
1805,tt0120890,617
1806,tt0125454,36568
1810,tt0119942,9440
1821,tt0120772,17127
1827,tt0124295,1774
1831,tt0120738,2157
1833,tt0120749,8838
1834,tt0120176,29193
1835,tt0120632,795
1836,tt0120728,16980
1840,tt0124718,9469
1844,tt0118819,267
1845,tt0120906,16148
1848,tt0118755,9449
1855,tt0120725,31220
1858,tt0117786,10622
1862,tt0120841,10216
1863,tt0120742,9771
1865,tt0141986,76330
1869,tt0120610,18316
1870,tt0118925,78373
1872,tt0113184,49474
1873,tt0119683,4415
1874,tt0120211,39467
1875,tt0118866,55561
1876,tt0120647,8656
1877,tt0145048,209345
1879,tt0125128,35161
1880,tt0119506,35796
1881,tt0120800,18937
1882,tt0120685,929
1883,tt0118798,9452
1884,tt0120669,1878
1885,tt0120777,9844
1887,tt0119053,14342
1888,tt0119313,9715
1889,tt0119375,26610
1890,tt0119547,20064
1892,tt0120787,1965
1893,tt0116692,312
1894,tt0120828,6068
1895,tt0127723,15037
1899,tt0125980,60951
1900,tt0118849,21334
1901,tt0150290,
1902,tt0116141,32284
1904,tt0122529,37410
1907,tt0120762,10674
1909,tt0120902,846
1911,tt0118998,3050
1912,tt0120780,1389
1913,tt0073540,11020
1914,tt0120321,20862
1915,tt0120443,108548
1916,tt0118789,9464
1917,tt0120591,95
1918,tt0122151,944
1920,tt0122718,11551
1921,tt0138704,473
1922,tt0140688,102304
1923,tt0129387,544
1927,tt0020629,143
1931,tt0026752,12311
1933,tt0029146,43278
1934,tt0030993,34106
1935,tt0033729,43266
1936,tt0035093,27367
1937,tt0036872,17661
1938,tt0037884,28580
1939,tt0036868,887
1940,tt0039416,33667
1941,tt0040416,23383
1942,tt0041113,25430
1943,tt0044672,27191
1944,tt0045793,11426
1945,tt0047296,654
1946,tt0048356,15919
1947,tt0055614,1725
1948,tt0057590,5769
1949,tt0060665,874
1950,tt0061811,10633
1951,tt0063385,17917
1952,tt0064665,3116
1953,tt0067116,1051
1954,tt0075148,1366
1955,tt0079417,12102
1956,tt0081283,16619
1957,tt0082158,9443
1958,tt0086425,11050
1959,tt0089755,606
1960,tt0093389,746
1961,tt0095953,380
1962,tt0097239,403
1963,tt0065063,11485
1964,tt0067309,466
1965,tt0087995,13820
1966,tt0100142,15389
1967,tt0091369,13597
1968,tt0088847,2108
1969,tt0089686,10014
1970,tt0093629,10072
1971,tt0095742,10131
1972,tt0097981,10160
1974,tt0080761,4488
1976,tt0083972,9728
1977,tt0087298,9730
1979,tt0091080,10225
1981,tt0097388,10283
1982,tt0077651,948
1984,tt0085636,10676
1991,tt0094862,10585
1993,tt0103956,11187
1994,tt0084516,609
1995,tt0091778,11133
1996,tt0095889,10306
1997,tt0070047,9552
1998,tt0076009,11586
1999,tt0099528,11587
2000,tt0093409,941
2001,tt0097733,942
2002,tt0104714,943
2003,tt0087363,927
2004,tt0099700,928
2005,tt0089218,9340
2006,tt0120746,9342
2007,tt0119910,38509
2009,tt0070723,12101
2010,tt0017136,19
2011,tt0096874,165
2012,tt0099088,196
2013,tt0069113,551
2015,tt0054594,17984
2018,tt0034492,3170
2019,tt0047478,346
2020,tt0094947,859
2021,tt0087182,841
2022,tt0095497,11051
2023,tt0099674,242
2025,tt0119558,9769
2027,tt0120741,9835
2028,tt0120815,857
2030,tt0119007,44322
2033,tt0088814,10957
2034,tt0078869,9570
2036,tt0109287,13962
2037,tt0075807,14612
2038,tt0077305,19378
2041,tt0082199,19379
2045,tt0106868,24736
2046,tt0091059,10122
2048,tt0091149,9994
2050,tt0080861,12129
2052,tt0107120,10439
2053,tt0104437,11158
2054,tt0097523,9354
2057,tt0057180,37969
2058,tt0120768,9631
2059,tt0120783,9820
2060,tt0131857,14013
2061,tt0119165,36606
2063,tt0124115,98505
2064,tt0098213,1779
2065,tt0089853,10849
2066,tt0039689,678
2067,tt0059113,907
2068,tt0083922,5961
2069,tt0090203,47908
2070,tt0086423,42121
2071,tt0106273,2887
2072,tt0096734,11974
2073,tt0089126,20348
2074,tt0071910,26648
2075,tt0082736,11911
2076,tt0090756,793
2077,tt0089385,35144
2078,tt0061852,9325
2080,tt0048280,10340
2081,tt0097757,10144
2082,tt0104868,10414
2083,tt0104940,10437
2084,tt0104990,15300
2085,tt0055254,12230
2087,tt0046183,10693
2088,tt0081353,11335
2089,tt0100477,11135
2090,tt0076618,11319
2091,tt0078158,14822
2092,tt0107952,15969
2093,tt0089908,13155
2094,tt0102803,10249
2096,tt0053285,10882
2099,tt0038969,13850
2100,tt0088161,2619
2101,tt0111271,65158
2102,tt0019422,53565
2104,tt0084783,27332
2105,tt0084827,97
2106,tt0108265,10419
2107,tt0120694,11675
2108,tt0102250,2107
2109,tt0079367,6471
2111,tt0085894,11591
2112,tt0101969,13697
2113,tt0099697,19158
2114,tt0086066,227
2115,tt0087469,87
2116,tt0077869,123
2117,tt0087803,9314
2120,tt0107665,10657
2122,tt0087050,10823
2123,tt0096787,11497
2124,tt0101272,2907
2125,tt0120631,9454
2126,tt0120832,8688
2128,tt0120813,16155
2130,tt0080388,23954
2132,tt0061184,396
2133,tt0092513,14367
2134,tt0090305,11814
2135,tt0061584,16081
2136,tt0057372,18331
2137,tt0070016,15171
2138,tt0078480,11837
2139,tt0084649,11704
2140,tt0083791,11639
2141,tt0090633,4978
2142,tt0101329,10380
2144,tt0088128,15144
2145,tt0091790,11522
2147,tt0090848,13853
2150,tt0080801,8393
2151,tt0097443,11937
2152,tt0140796,21661
2153,tt0118661,9320
2154,tt0120703,33644
2155,tt0120831,14662
2159,tt0099763,10692
2160,tt0063522,805
2161,tt0088323,34584
2162,tt0100240,34636
2163,tt0080391,2182
2165,tt0119517,77469
2166,tt0124595,10278
2167,tt0120611,36647
2168,tt0120576,17915
2169,tt0118301,14557
2170,tt0120901,9417
2173,tt0095709,34637
2174,tt0094721,4011
2176,tt0040746,1580
2177,tt0074512,5854
2178,tt0068611,573
2181,tt0058329,506
2182,tt0051207,22527
2183,tt0049470,574
2184,tt0048750,11219
2186,tt0044079,845
2187,tt0042994,1978
2188,tt0120577,3682
2193,tt0096446,847
2194,tt0094226,117
2201,tt0039694,31667
2202,tt0037017,13321
2203,tt0036342,21734
2204,tt0035279,31997
2205,tt0033922,24197
2206,tt0034248,11462
2208,tt0030341,940
2210,tt0028212,12684
2221,tt0019702,543
2231,tt0128442,10220
2232,tt0123755,431
2236,tt0124879,22796
2238,tt0075040,37550
2239,tt0073817,37916
2240,tt0081207,21873
2243,tt0092699,12626
2245,tt0096463,3525
2248,tt0098258,2028
2249,tt0100212,16384
2252,tt0104412,10699
2253,tt0105629,11597
2262,tt0090583,18169
2265,tt0102558,11933
2266,tt0101523,20096
2268,tt0104257,881
2269,tt0107211,4478
2273,tt0120812,2109
2275,tt0118736,24746
2278,tt0122690,8195
2282,tt0126604,11855
2285,tt0063850,14794
2287,tt0047573,11071
2288,tt0084787,1091
2289,tt0105151,10403
2290,tt0081554,11337
2291,tt0099487,162
2294,tt0120587,8916
2296,tt0120770,9429
2297,tt0120889,12159
2300,tt0063462,30197
2301,tt0082517,10156
2302,tt0104952,10377
2303,tt0073440,3121
2310,tt0119670,9821
2311,tt0086837,4437
2312,tt0090830,1890
2313,tt0080678,1955
2314,tt0120603,39437
2315,tt0144120,11932
2316,tt0120791,6435
2318,tt0147612,10683
2320,tt0118636,9445
2321,tt0120789,2657
2322,tt0120157,9425
2324,tt0118799,637
2325,tt0124819,8675
2328,tt0120877,9945
2329,tt0120586,73
2330,tt0116481,18603
2331,tt0120722,46889
2333,tt0120684,3033
2334,tt0133952,9882
2335,tt0120484,10663
2336,tt0127536,4518
2337,tt0120879,1808
2338,tt0130018,3600
2340,tt0119643,297
2344,tt0089941,11893
2346,tt0073747,12223
2348,tt0091954,14924
2349,tt0091538,10002
2351,tt0050783,19426
2352,tt0085244,12560
2353,tt0120660,9798
2354,tt0134067,14444
2355,tt0120623,9487
2357,tt0140888,666
2359,tt0166396,10162
2360,tt0154420,309
2361,tt0069089,692
2363,tt0047034,1678
2364,tt0087344,39256
2365,tt0056142,1680
2366,tt0024216,244
2367,tt0074751,10730
2369,tt0089017,8130
2370,tt0089087,11532
2371,tt0089155,9749
2375,tt0091541,10466
2376,tt0090264,707
2378,tt0087928,9336
2379,tt0089822,10157
2380,tt0091777,12118
2381,tt0093756,10587
2382,tt0095882,11825
2383,tt0098105,11895
2384,tt0120595,9447
2387,tt0124198,10029
2389,tt0155975,11252
2390,tt0147004,8545
2391,tt0120324,10223
2392,tt0141109,9745
2393,tt0120844,200
2394,tt0120794,9837
2395,tt0128445,11545
2396,tt0138097,1934
2398,tt0039628,11881
2401,tt0089767,8879
2402,tt0089880,1369
2403,tt0083944,1368
2404,tt0095956,1370
2405,tt0089370,10303
2406,tt0088011,9326
2407,tt0088933,10328
2408,tt0094890,11285
2409,tt0079817,1367
2410,tt0084602,1371
2412,tt0100507,1375
2413,tt0088930,15196
2414,tt0090357,11904
2420,tt0087538,1885
2421,tt0091326,8856
2422,tt0097647,10495
2423,tt0097958,5825
2424,tt0128853,9489
2425,tt0120706,16885
2427,tt0120863,8741
2428,tt0133751,9276
2431,tt0129290,10312
2432,tt0120686,9441
2433,tt0120633,9422
2435,tt0119336,24525
2436,tt0120857,10368
2439,tt0118564,31662
2442,tt0150915,46992
2443,tt0145734,825
2447,tt0139699,14709
2450,tt0091225,10658
2454,tt0051622,11815
2455,tt0091064,9426
2456,tt0097368,10344
2459,tt0072271,30497
2460,tt0092076,16337
2467,tt0091605,192
2470,tt0090555,9671
2471,tt0092493,9396
2473,tt0091991,12278
2474,tt0090863,11873
2478,tt0092086,8388
2485,tt0160862,10314
2488,tt0054167,11167
2490,tt0120784,2112
2496,tt0124298,11622
2497,tt0139462,10207
2498,tt0120764,9849
2500,tt0155776,18892
2501,tt0132477,13466
2502,tt0151804,1542
2505,tt0134273,8224
2509,tt0119054,15209
2511,tt0070334,1847
2513,tt0098084,8913
2514,tt0105128,10906
2516,tt0109415,25749
2517,tt0085333,8769
2518,tt0084412,14742
2520,tt0065377,10671
2521,tt0071110,27932
2522,tt0075648,7227
2523,tt0076636,10670
2524,tt0072308,5919
2526,tt0079550,40160
2527,tt0070909,2362
2528,tt0074812,10803
2529,tt0063442,871
2530,tt0065462,1685
2531,tt0069768,1705
2532,tt0068408,1688
2533,tt0067065,1687
2534,tt0077189,166680
2535,tt0071455,11123
2536,tt0078740,29723
2537,tt0078856,31638
2539,tt0122933,9535
2540,tt0142192,9455
2541,tt0139134,796
2542,tt0120735,100
2545,tt0159696,84586
2546,tt0120646,30943
2549,tt0131646,10350
2550,tt0057129,11772
2551,tt0094964,9540
2553,tt0054443,11773
2554,tt0056931,30202
2555,tt0118665,22345
2557,tt0157016,1567
2558,tt0141098,1641
2559,tt0160429,47288
2560,tt0129332,10212
2565,tt0049408,16520
2566,tt0187819,16508
2567,tt0131369,11374
2568,tt0120757,16379
2570,tt0120613,28029
2571,tt0133093,603
2572,tt0147800,4951
2574,tt0129280,8970
2577,tt0119665,30950
2579,tt0154506,11660
2580,tt0139239,9430
2581,tt0151738,11355
2583,tt0126250,9465
2585,tt0133363,1414
2589,tt0143261,114719
2593,tt0110570,22826
2594,tt0125659,1902
2596,tt0133189,6396
2598,tt0120797,12596
2599,tt0126886,9451
2600,tt0120907,1946
2605,tt0137494,1844
2606,tt0138510,6552
2612,tt0037913,3309
2615,tt0089652,18252
2616,tt0099422,8592
2617,tt0120616,564
2618,tt0118826,13852
2622,tt0140379,10210
2628,tt0120915,1893
2633,tt0023245,15849
2639,tt0082766,15660
2640,tt0078346,1924
2641,tt0081573,8536
2642,tt0086393,9531
2643,tt0094074,11411
2644,tt0021814,138
2648,tt0021884,3035
2651,tt0035899,3076
2654,tt0034398,13666
2657,tt0073629,36685
2660,tt0044121,10785
2661,tt0045920,19483
2662,tt0046534,8974
2664,tt0049366,11549
2665,tt0049169,18158
2668,tt0084745,17918
2669,tt0053183,37305
2670,tt0052151,18784
2671,tt0125439,509
2672,tt0139809,1090
2676,tt0128278,12117
2677,tt0186508,11779
2683,tt0145660,817
2684,tt0143924,265966
2686,tt0120802,14283
2687,tt0120855,37135
2688,tt0144214,2275
2690,tt0122541,24137
2691,tt0120731,10376
2692,tt0130827,104
2693,tt0120370,15800
2694,tt0142342,9032
2696,tt0119038,9421
2699,tt0099052,6488
2700,tt0158983,9473
2701,tt0120891,8487
2702,tt0162677,10279
2704,tt0101318,2767
2706,tt0163651,2105
2707,tt0137363,1073
2709,tt0158811,10208
2710,tt0185937,2667
2712,tt0120663,345
2713,tt0139414,9825
2716,tt0087332,620
2717,tt0097428,2978
2718,tt0157503,10490
2719,tt0171363,11618
2720,tt0141369,332
2721,tt0162710,1812
2722,tt0149261,8914
2723,tt0132347,9824
2724,tt0163187,4806
2726,tt0049406,247
2728,tt0054331,967
2729,tt0056193,802
2731,tt0053198,147
2732,tt0055032,1628
2733,tt0096378,21185
2734,tt0091557,11120
2735,tt0091129,10136
2736,tt0090774,32060
2739,tt0088939,873
2744,tt0091699,198469
2745,tt0091530,11416
2746,tt0091419,10776
2747,tt0054033,24452
2749,tt0091554,31924
2750,tt0093818,30890
2752,tt0093690,20242
2759,tt0144168,16406
2761,tt0129167,10386
2762,tt0167404,745
2763,tt0155267,913
2764,tt0063688,912
2768,tt0120210,89861
2770,tt0131325,11353
2771,tt0120620,17707
2772,tt0165710,9781
2787,tt0088889,10552
2788,tt0066765,9267
2791,tt0080339,813
2792,tt0083530,2665
2793,tt0118604,9406
2795,tt0085995,11153
2797,tt0094737,2280
2798,tt0100419,11077
2799,tt0102719,28597
2802,tt0096244,10396
2803,tt0107798,9944
2804,tt0085334,850
2805,tt0130121,10154
2806,tt0133046,10342
2807,tt0176269,10366
2808,tt0105698,9349
2810,tt0156887,10494
2816,tt0095382,11955
2819,tt0073802,11963
2822,tt0104839,9096
2826,tt0120657,1911
2827,tt0138304,2900
2828,tt0160236,17709
2829,tt0164108,37718
2836,tt0125971,14578
2837,tt0126810,40694
2840,tt0145531,10307
2841,tt0164181,11601
2843,tt0118843,1075
2846,tt0097050,47951
2848,tt0045251,47697
2849,tt0102741,49792
2856,tt0059297,28295
2857,tt0063823,12105
2858,tt0169547,14
2859,tt0088178,24128
2860,tt0181316,11001
2861,tt0126916,10390
2863,tt0058182,704
2870,tt0061385,17887
2871,tt0068473,10669
2872,tt0082348,11527
2874,tt0050814,40867
2875,tt0108185,1049
2879,tt0099558,10975
2881,tt0150377,10398
2883,tt0140397,24071
2884,tt0129884,62994
2888,tt0164114,14429
2889,tt0134618,15198
2890,tt0120188,6415
2891,tt0162360,24066
2892,tt0133122,21430
2899,tt0031397,42518
2900,tt0095652,29787
2901,tt0079714,9638
2904,tt0023369,61369
2905,tt0056443,11712
2906,tt0156934,12618
2907,tt0167427,13824
2908,tt0171804,226
2912,tt0165854,10388
2915,tt0086200,9346
2916,tt0100802,861
2917,tt0082089,14412
2918,tt0091042,9377
2919,tt0086617,11541
2920,tt0037674,2457
2921,tt0068699,11901
2922,tt0061747,4929
2925,tt0065571,8416
2926,tt0095270,11054
2927,tt0037558,851
2929,tt0082979,18254
2933,tt0057058,2593
2935,tt0033804,3086
2936,tt0034240,16305
2937,tt0035169,32255
2940,tt0038559,3767
2941,tt0052225,17352
2942,tt0085549,535
2943,tt0104507,2731
2944,tt0061578,1654
2946,tt0059260,14831
2947,tt0058150,658
2948,tt0057076,657
2949,tt0055928,646
2950,tt0080453,5689
2951,tt0058461,391
2953,tt0104431,772
2959,tt0137523,550
2961,tt0160916,12220
2966,tt0166896,404
2967,tt0048977,42196
2968,tt0081633,36819
2969,tt0061138,42726
2970,tt0083946,9343
2971,tt0078754,16858
2972,tt0093206,42006
2973,tt0097123,11562
2975,tt0168501,16162
2976,tt0163988,8649
2983,tt0059319,15247
2985,tt0093870,5548
2986,tt0100502,5549
2987,tt0096438,856
2988,tt0081150,38772
2989,tt0082398,699
2990,tt0097742,709
2991,tt0070328,253
2993,tt0059800,660
2995,tt0185371,11377
2997,tt0120601,492
3000,tt0119698,128
3002,tt0200849,8672
3004,tt0120596,2020
3005,tt0145681,9481
3006,tt0140352,9008
3007,tt0181288,14242
3011,tt0065088,28145
3014,tt0082121,31361
3016,tt0083767,16281
3017,tt0092796,16288
3018,tt0089885,1694
3019,tt0097240,476
3020,tt0106856,37094
3022,tt0017925,961
3028,tt0061407,25560
3029,tt0082817,21610
3030,tt0055630,11878
3031,tt0100475,11510
3032,tt0067525,11234
3033,tt0094012,957
3034,tt0070608,11886
3035,tt0048380,37853
3037,tt0065988,11040
3038,tt0050371,21849
3039,tt0086465,1621
3040,tt0079540,14035
3044,tt0101669,11498
3049,tt0061789,29048
3051,tt0149691,21349
3052,tt0120655,1832
3053,tt0151137,10047
3054,tt0190641,10228
3060,tt0101605,11663
3061,tt0034862,13485
3062,tt0056197,9289
3063,tt0105156,9264
3066,tt0066473,11165
3067,tt0095675,4203
3068,tt0084855,24226
3070,tt0086856,11379
3071,tt0094027,29154
3072,tt0093565,2039
3073,tt0059674,77915
3078,tt0165859,27141
3079,tt0178737,10399
3081,tt0162661,2668
3082,tt0143145,36643
3083,tt0185125,99
3086,tt0024852,25898
3087,tt0096061,9647
3088,tt0042546,11787
3089,tt0040522,5156
3091,tt0080979,11953
3095,tt0032551,596
3096,tt0050738,52470
3097,tt0033045,20334
3098,tt0087781,11393
3100,tt0105265,293
3101,tt0093010,10998
3104,tt0095631,9013
3105,tt0099077,11005
3107,tt0101393,2924
3108,tt0101889,177
3111,tt0087921,13681
3113,tt0146675,9946
3114,tt0120363,863
3115,tt0155711,31582
3122,tt0033021,1718
3125,tt0172396,20024
3127,tt0144715,13787
3128,tt0160513,54933
3129,tt0158371,9684
3133,tt0015863,33015
3134,tt0028950,777
3135,tt0079239,21887
3140,tt0014538,32628
3145,tt0150216,32274
3146,tt0205000,10402
3147,tt0120689,497
3148,tt0124315,1715
3150,tt0141974,42739
3152,tt0067328,25188
3153,tt0051337,15515
3155,tt0166485,1439
3156,tt0182789,2277
3157,tt0164912,10137
3159,tt0120910,49948
3160,tt0175880,334
3163,tt0151568,46435
3167,tt0066892,36492
3168,tt0064276,624
3169,tt0087231,26578
3171,tt0053226,43103
3173,tt0146838,9563
3174,tt0125664,1850
3175,tt0177789,926
3176,tt0134119,1213
3177,tt0195945,10471
3178,tt0174856,10400
3179,tt0145653,10397
3182,tt0192335,28216
3185,tt0120834,10219
3186,tt0172493,3558
3188,tt0208261,41276
3189,tt0156812,17908
3196,tt0046359,632
3198,tt0070511,5924
3200,tt0070290,14886
3201,tt0065724,26617
3203,tt0097162,10493
3204,tt0077269,16241
3208,tt0107659,9644
3210,tt0083929,13342
3211,tt0094924,35119
3219,tt0100318,2990
3221,tt0083851,10831
3225,tt0186975,10472
3235,tt0081748,13005
3238,tt0120662,18681
3242,tt0126651,46835
3243,tt0104187,10406
3246,tt0104797,1883
3247,tt0105417,2005
3248,tt0108147,6279
3249,tt0104389,11087
3250,tt0106246,7305
3251,tt0088683,24735
3252,tt0105323,9475
3253,tt0105793,8872
3255,tt0104694,11287
3256,tt0105112,9869
3257,tt0103855,619
3258,tt0104070,9374
3259,tt0104231,11259
3260,tt0104454,8293
3261,tt0105415,11068
3263,tt0105812,10158
3264,tt0103893,10206
3265,tt0104684,11782
3266,tt0103905,10086
3267,tt0104815,9367
3268,tt0105477,9876
3269,tt0104291,10326
3270,tt0104040,16562
3271,tt0105046,9609
3272,tt0103759,12143
3273,tt0134084,4234
3274,tt0105414,9605
3275,tt0144117,8374
3276,tt0171356,29076
3285,tt0163978,1907
3286,tt0184907,15489
3287,tt0220099,15655
3289,tt0209189,36210
3296,tt0062376,25934
3298,tt0181984,14181
3300,tt0134847,2787
3301,tt0190138,2069
3307,tt0021749,901
3309,tt0009018,36208
3310,tt0012349,10098
3316,tt0184858,2155
3317,tt0185014,11004
3325,tt0156841,1831
3326,tt0181151,10416
3327,tt0218043,14271
3328,tt0165798,4816
3334,tt0040506,11016
3338,tt0097372,20423
3339,tt0074695,10839
3341,tt0042276,24481
3342,tt0086969,11296
3347,tt0086005,14280
3350,tt0055353,29478
3354,tt0183523,2067
3355,tt0142688,622
3357,tt0181530,28463
3358,tt0101698,12186
3359,tt0078902,20283
3360,tt0091217,5693
3361,tt0094812,287
3362,tt0072890,968
3363,tt0069704,838
3364,tt0042208,16958
3365,tt0049730,3114
3372,tt0064110,15873
3375,tt0042393,25392
3384,tt0072251,8333
3386,tt0102138,820
3388,tt0093148,8989
3396,tt0079588,11176
3397,tt0082474,14900
3398,tt0087755,11899
3399,tt0089994,36536
3401,tt0088760,19736
3403,tt0081400,24575
3404,tt0046435,16535
3405,tt0051994,10971
3406,tt0043379,23928
3408,tt0195685,462
3409,tt0195714,9532
3412,tt0095800,2383
3417,tt0044517,11570
3418,tt0103074,1541
3420,tt0078718,17443
3421,tt0077975,8469
3424,tt0097216,925
3426,tt0102175,1713
3429,tt0099317,54825
3430,tt0071402,13939
3432,tt0089003,24873
3435,tt0036775,996
3438,tt0100758,1498
3439,tt0103060,1497
3440,tt0108308,1499
3441,tt0087985,1880
3444,tt0092675,11690
3447,tt0028944,36652
3448,tt0093105,801
3450,tt0107050,11520
3451,tt0061735,1879
3452,tt0165929,2085
3453,tt0195778,13539
3454,tt0202402,16222
3461,tt0057261,9960
3462,tt0027977,3082
3467,tt0057163,24748
3468,tt0054997,990
3469,tt0053946,1908
3470,tt0071411,9764
3471,tt0075860,840
3476,tt0099871,2291
3477,tt0112950,13531
3478,tt0093378,16620
3479,tt0089457,526
3481,tt0146882,243
3483,tt0138749,10501
3484,tt0192614,11478
3489,tt0102057,879
3494,tt0065126,17529
3498,tt0077928,11327
3499,tt0100157,1700
3503,tt0069293,593
3504,tt0074958,10774
3505,tt0093640,10083
3507,tt0063374,11356
3508,tt0075029,10747
3510,tt0186151,10559
3511,tt0217756,20697
3512,tt0122459,2621
3513,tt0160797,10479
3515,tt0183503,49721
3516,tt0051406,2006
3519,tt0077572,17339
3521,tt0097940,11305
3524,tt0082031,13665
3525,tt0086927,12309
3526,tt0098067,1552
3527,tt0093773,106
3528,tt0102713,10333
3529,tt0082934,11027
3534,tt0191754,10468
3535,tt0144084,1359
3536,tt0171433,4967
3543,tt0083833,13776
3545,tt0068327,10784
3546,tt0056687,10242
3548,tt0051383,16347
3551,tt0074860,10518
3552,tt0080487,11977
3555,tt0141926,3536
3556,tt0159097,1443
3564,tt0158622,889
3565,tt0198021,10564
3569,tt0154421,452
3576,tt0093185,12476
3578,tt0172495,98
3579,tt0167203,21311
3581,tt0188674,11129
3591,tt0085970,13105
3593,tt0185183,5491
3594,tt0210616,10560
3596,tt0156323,19419
3597,tt0174336,23531
3598,tt0171359,10688
3599,tt0037514,17889
3606,tt0041716,31516
3608,tt0089791,5683
3614,tt0104438,12518
3615,tt0130623,10567
3616,tt0217630,10642
3617,tt0215129,9285
3618,tt0196216,10569
3619,tt0080881,21879
3623,tt0120755,955
3624,tt0184894,8584
3628,tt0034742,29372
3629,tt0015864,962
3633,tt0064757,668
3634,tt0058576,23518
3635,tt0076752,691
3638,tt0079574,698
3639,tt0071807,682
3642,tt0034889,40685
3643,tt0036824,22994
3644,tt0032383,40639
3646,tt0208003,9600
3653,tt0060371,21
3654,tt0054953,10911
3662,tt0102728,26956
3668,tt0063518,6003
3671,tt0071230,11072
3672,tt0071206,23069
3676,tt0074486,985
3677,tt0103767,14002
3681,tt0059578,938
3682,tt0070355,10648
3683,tt0086979,11368
3685,tt0089841,2075
3686,tt0099582,1551
3688,tt0084522,10246
3689,tt0086129,19698
3697,tt0100403,169
3698,tt0093894,865
3699,tt0088172,9663
3700,tt0087004,26889
3701,tt0094631,10128
3702,tt0079501,9659
3703,tt0082694,8810
3704,tt0089530,9355
3705,tt0099141,1727
3706,tt0092563,635
3709,tt0105428,11428
3710,tt0094612,10117
3712,tt0102951,25562
3713,tt0100046,51763
3717,tt0187078,9679
3723,tt0099726,10264
3727,tt0093605,11879
3729,tt0067741,482
3730,tt0071360,592
3733,tt0070509,14328
3735,tt0070666,9040
3736,tt0043338,25364
3740,tt0090728,6978
3741,tt0069762,3133
3742,tt0015648,643
3744,tt0162650,479
3745,tt0120913,7450
3747,tt0186253,25636
3751,tt0120630,7443
3752,tt0183505,2123
3753,tt0187393,2024
3754,tt0131704,17711
3755,tt0177971,2133
3756,tt0200669,29946
3763,tt0089118,9873
3764,tt0101846,16820
3768,tt0094792,27352
3769,tt0072288,8348
3770,tt0087175,24099
3773,tt0099800,16094
3783,tt0159382,12706
3784,tt0219854,4244
3785,tt0175142,4247
3788,tt0060176,1052
3789,tt0059575,20540
3792,tt0038499,32275
3793,tt0120903,36657
3797,tt0163676,36047
3798,tt0161081,2655
3801,tt0052561,93
3809,tt0103241,10276
3810,tt0105813,19380
3811,tt0080310,13783
3812,tt0068555,11624
3814,tt0073312,11686
3819,tt0092048,11830
3821,tt0144528,12107
3824,tt0174480,10641
3825,tt0200550,6282
3826,tt0164052,9383
3827,tt0186566,5551
3831,tt0195234,2360
3835,tt0106627,33408
3836,tt0065938,11589
3844,tt0098384,10860
3854,tt0130444,2211
3857,tt0163983,10391
3861,tt0191397,10393
3863,tt0209958,8843
3864,tt0188640,10643
3865,tt0236388,23618
3868,tt0095705,37136
3869,tt0102510,37137
3871,tt0046303,3110
3873,tt0059017,11694
3882,tt0204946,1588
3889,tt0144964,12211
3893,tt0171580,10480
3897,tt0181875,786
3901,tt0134630,18074
3908,tt0192731,12212
3909,tt0206420,14629
3910,tt0168629,16
3911,tt0218839,13785
3916,tt0210945,10637
3919,tt0104409,11569
3925,tt0088184,469
3926,tt0055608,2160
3927,tt0060397,2161
3928,tt0040068,3073
3932,tt0024184,10787
3940,tt0100639,27767
3945,tt0259974,20455
3946,tt0208988,10461
3948,tt0212338,1597
3949,tt0180093,641
3950,tt0170691,10687
3952,tt0208874,6521
3953,tt0205271,10763
3955,tt0213790,16888
3956,tt0160484,10383
3967,tt0249462,71
3968,tt0230030,1636
3969,tt0223897,10647
3972,tt0111512,12207
3973,tt0229260,11531
3977,tt0160127,4327
3979,tt0185431,9678
3980,tt0203019,11978
3981,tt0199753,8870
3983,tt0203230,14295
3984,tt0066995,681
3986,tt0216216,8452
3987,tt0186894,10862
3988,tt0170016,8871
3993,tt0180073,10876
3994,tt0217869,9741
3996,tt0190332,146
3997,tt0190374,11849
3998,tt0228750,11983
3999,tt0190865,11678
4002,tt0093748,2609
4005,tt0093428,708
4006,tt0092106,1857
4007,tt0094291,10673
4008,tt0096969,2604
4009,tt0096219,10132
4010,tt0088850,11064
4011,tt0208092,107
4014,tt0241303,392
4015,tt0242423,8859
4016,tt0120917,11688
4018,tt0207201,3981
4019,tt0181536,711
4020,tt0219699,2046
4021,tt0247196,5001
4022,tt0162222,8358
4023,tt0218967,5994
4025,tt0212346,1493
4027,tt0190590,134
4029,tt0120202,21991
4030,tt0219653,10577
4031,tt0149624,21355
4033,tt0146309,11973
4034,tt0181865,1900
4036,tt0189998,10873
4037,tt0093223,26719
4039,tt0083564,15739
4040,tt0101757,15413
4041,tt0084434,2623
4045,tt0072735,8043
4046,tt0049233,43258
4047,tt0107007,10655
4054,tt0206275,9816
4061,tt0102388,17474
4062,tt0095690,11191
4067,tt0108451,26333
4069,tt0209475,2018
4080,tt0092605,11215
4084,tt0092644,96
4085,tt0086960,90
4086,tt0092654,11028
4102,tt0092948,17159
4103,tt0092965,10110
4105,tt0083907,764
4113,tt0093093,52780
4117,tt0093209,32054
4121,tt0093260,2614
4124,tt0093300,580
4126,tt0093407,13703
4128,tt0093437,1547
4131,tt0093477,32058
4132,tt0093493,10019
4141,tt0192111,24940
4144,tt0118694,843
4148,tt0212985,9740
4149,tt0239948,10878
4153,tt0231775,16300
4155,tt0230838,1921
4158,tt0166276,23685
4159,tt0233142,12138
4160,tt0191636,48217
4161,tt0236493,6073
4168,tt0192071,10050
4169,tt0212380,17203
4174,tt0099073,2302
4178,tt0031742,51802
4183,tt0100842,38545
4191,tt0060086,15598
4207,tt0100232,12773
4210,tt0091474,11454
4211,tt0100486,38718
4212,tt0077413,4192
4214,tt0088000,14052
4217,tt0118540,26580
4218,tt0091860,21309
4220,tt0071771,4985
4223,tt0215750,853
4225,tt0205873,5257
4226,tt0209144,77
4227,tt0250274,20322
4228,tt0125022,10833
4232,tt0227538,10054
4235,tt0245712,55
4238,tt0164334,2043
4239,tt0221027,4133
4246,tt0243155,634
4247,tt0245686,10956
4256,tt0240402,32590
4262,tt0086250,111
4267,tt0203755,2144
4270,tt0209163,1734
4272,tt0162023,8076
4274,tt0056937,8095
4275,tt0085811,849
4280,tt0084917,11307
4283,tt0069191,11035
4288,tt0152015,35717
4291,tt0080319,19494
4292,tt0079638,40842
4298,tt0048021,934
4299,tt0183790,9476
4305,tt0225071,5852
4306,tt0126029,808
4308,tt0203009,824
4310,tt0213149,676
4312,tt0210727,26813
4317,tt0102343,26255
4321,tt0101587,1406
4326,tt0095647,1632
4327,tt0054047,966
4329,tt0053221,301
4333,tt0094142,11896
4338,tt0041996,15497
4339,tt0059885,21876
4340,tt0255798,11090
4343,tt0251075,9397
4344,tt0244244,9705
4349,tt0065528,10364
4351,tt0102685,1089
4354,tt0105699,17494
4355,tt0092272,17465
4356,tt0045810,759
4357,tt0045891,10297
4361,tt0084805,9576
4366,tt0230011,10865
4367,tt0146316,1995
4368,tt0240462,10808
4369,tt0232500,9799
4370,tt0212720,644
4373,tt0258038,10615
4378,tt0203119,11826
4381,tt0243493,11444
4388,tt0257106,4248
4393,tt0094663,22478
4396,tt0082136,11286
4405,tt0015064,5991
4406,tt0056217,11697
4410,tt0091983,11300
4411,tt0059740,16211
4414,tt0057693,32569
4422,tt0069467,10238
4424,tt0065777,4789
4426,tt0048261,18030
4429,tt0049513,10339
4432,tt0051036,976
4440,tt0067824,12481
4443,tt0082869,10540
4446,tt0173840,2114
4447,tt0250494,8835
4448,tt0227445,11371
4450,tt0242193,9517
4451,tt0273300,25985
4458,tt0109049,13794
4462,tt0094593,38965
4466,tt0094602,9395
4467,tt0096764,14506
4469,tt0094669,4281
4475,tt0094716,15267
4477,tt0094744,30502
4478,tt0094746,19382
4479,tt0094747,24679
4482,tt0094799,17170
4483,tt0094824,18509
4487,tt0094889,7520
4489,tt0094898,9602
4496,tt0094933,9748
4498,tt0094963,10651
4499,tt0095031,10141
4500,tt0092929,27362
4502,tt0095107,26386
4519,tt0095489,12144
4529,tt0095801,3543
4535,tt0084296,24266
4537,tt0096018,18197
4543,tt0096098,9717
4544,tt0096101,11966
4545,tt0091949,2605
4546,tt0096163,8740
4552,tt0096251,41428
4558,tt0096320,9493
4564,tt0096794,11352
4568,tt0096913,17882
4571,tt0096928,1648
4572,tt0096933,4105
4580,tt0097138,10134
4587,tt0097257,2210
4599,tt0097457,11465
4605,tt0097531,14776
4609,tt0097607,39787
4614,tt0097659,10222
4616,tt0097722,14621
4621,tt0097778,9494
4623,tt0097815,9942
4630,tt0097987,39002
4635,tt0098097,20006
4636,tt0098141,8867
4638,tt0163025,331
4639,tt0265029,11467
4641,tt0162346,1548
4642,tt0248845,13403
4643,tt0133152,869
4649,tt0243655,2171
4662,tt0098282,11185
4666,tt0098343,12478
4677,tt0098536,6951
4678,tt0098546,11959
4679,tt0098554,2616
4683,tt0098663,183
4688,tt0101465,41784
4701,tt0266915,5175
4703,tt0094868,41951
4705,tt0077288,4484
4708,tt0060668,44258
4710,tt0075213,12584
4711,tt0108323,70042
4713,tt0080360,11542
4714,tt0080377,17169
4718,tt0252866,2770
4719,tt0181739,12610
4720,tt0230600,1933
4723,tt0250323,24936
4727,tt0238112,1722
4728,tt0250687,9896
4731,tt0251141,125707
4732,tt0258470,9683
4734,tt0261392,2294
4736,tt0234829,26602
4741,tt0203166,742
4748,tt0103596,16314
4749,tt0109015,18885
4750,tt0112255,40508
4757,tt0202470,12508
4767,tt0047795,26661
4770,tt0221218,2176
4775,tt0118589,10696
4776,tt0139654,2034
4788,tt0079579,21028
4792,tt0053559,29756
4795,tt0058092,30295
4798,tt0051773,22874
4799,tt0057193,11576
4800,tt0029081,43860
4801,tt0033836,43802
4802,tt0053143,9660
4803,tt0067588,15393
4809,tt0086312,12502
4810,tt0076172,66092
4812,tt0091993,13766
4814,tt0260866,12103
4815,tt0252501,11313
4816,tt0196229,9398
4821,tt0206314,10866
4823,tt0240890,9778
4824,tt0265212,34453
4827,tt0080464,40220
4835,tt0080549,16769
4844,tt0219965,3172
4848,tt0166924,1018
4849,tt0206963,25641
4855,tt0066999,984
4857,tt0067093,14811
4865,tt0120681,768
4866,tt0272020,2100
4867,tt0200027,11091
4873,tt0243017,9081
4874,tt0272152,167
4878,tt0246578,141
4880,tt0264796,11457
4881,tt0243133,10778
4886,tt0198781,585
4887,tt0267804,10796
4890,tt0256380,9889
4896,tt0241527,671
4899,tt0265087,11469
4901,tt0266987,1535
4903,tt0247425,1999
4912,tt0062994,16085
4914,tt0053472,269
4915,tt0083630,16441
4920,tt0035140,32847
4921,tt0024264,39938
4941,tt0080745,3604
4945,tt0074483,10649
4947,tt0076070,17689
4950,tt0085862,14854
4951,tt0100054,10847
4954,tt0054135,299
4957,tt0086383,10650
4958,tt0159273,8007
4963,tt0240772,161
4967,tt0283509,8342
4969,tt0037515,4886
4970,tt0020697,228
4971,tt0087747,23111
4973,tt0211915,194
4974,tt0277371,11397
4975,tt0259711,1903
4979,tt0265666,9428
4980,tt0101452,1649
4983,tt0089283,35201
4992,tt0035423,11232
4993,tt0120737,120
4995,tt0268978,453
4999,tt0027532,31507
5007,tt0058672,5052
5008,tt0051201,37257
5010,tt0265086,855
5013,tt0280707,5279
5014,tt0277027,10950
5015,tt0285742,1365
5016,tt0120824,6440
5017,tt0045555,14580
5021,tt0074937,6037
5025,tt0273923,11857
5026,tt0237534,6312
5027,tt0099044,11595
5040,tt0087078,9610
5049,tt0083511,150
5051,tt0243862,112
5054,tt0085271,15050
5055,tt0106770,10423
5056,tt0071691,11710
5060,tt0066026,651
5064,tt0245844,11362
5065,tt0265349,2637
5066,tt0281358,10229
5072,tt0293416,9606
5081,tt0188453,2084
5092,tt0265298,11870
5093,tt0233469,9884
5099,tt0028988,28345
5103,tt0108037,11528
5108,tt0251160,8470
5110,tt0247745,39939
5127,tt0259288,10052
5135,tt0265343,480
5145,tt0059415,39387
5147,tt0050986,614
5151,tt0243736,2752
5152,tt0277434,10590
5159,tt0104254,13225
5171,tt0268695,2135
5213,tt0081268,38147
5214,tt0076489,24032
5218,tt0268380,425
5219,tt0120804,1576
5222,tt0264761,15647
5224,tt0282864,38880
5225,tt0245574,1391
5237,tt0083169,10627
5245,tt0081518,55792
5246,tt0081529,12705
5247,tt0076729,11006
5248,tt0086325,15120
5254,tt0187738,36586
5265,tt0266452,9275
5266,tt0258000,4547
5267,tt0265662,14635
5269,tt0254686,1791
5283,tt0283111,11452
5291,tt0042876,548
5292,tt0076723,11590
5293,tt0264472,1537
5294,tt0264616,12149
5296,tt0253867,11812
5299,tt0259446,8346
5300,tt0050086,14168
5303,tt0099892,2565
5305,tt0095989,15482
5307,tt0103035,6393
5308,tt0094137,12154
5309,tt0098966,11630
5310,tt0090196,25133
5312,tt0264935,11892
5313,tt0277296,9334
5316,tt0157583,10491
5319,tt0247586,18079
5323,tt0211443,11470
5325,tt0275309,1282
5329,tt0235737,11468
5339,tt0104466,28384
5346,tt0100934,5203
5348,tt0278823,9689
5349,tt0145487,557
5359,tt0102753,32221
5364,tt0250797,2251
5367,tt0091578,11240
5377,tt0276751,245
5378,tt0121765,1894
5380,tt0278500,9026
5385,tt0077838,13963
5388,tt0278504,320
5400,tt0164184,4614
5401,tt0279493,12277
5415,tt0279778,9583
5418,tt0258463,2501
5419,tt0267913,9637
5421,tt0238924,16857
5444,tt0275847,11544
5445,tt0181689,180
5446,tt0252444,9555
5449,tt0280590,2022
5452,tt0107438,11982
5459,tt0120912,608
5463,tt0253556,6278
5464,tt0257044,4147
5475,tt0065234,2721
5477,tt0254455,1364
5479,tt0267626,8665
5480,tt0243585,10996
5481,tt0295178,818
5498,tt0058888,3780
5500,tt0088286,8764
5501,tt0295427,13908
5502,tt0286106,2675
5504,tt0287717,9488
5505,tt0279113,9962
5506,tt0309377,9573
5507,tt0295701,7451
5516,tt0274117,6173
5522,tt0073631,11484
5523,tt0180052,11692
5528,tt0265459,9357
5541,tt0102059,9595
5555,tt0083336,10725
5574,tt0293662,4108
5577,tt0280760,9685
5602,tt0048281,5506
5603,tt0044829,32961
5608,tt0250258,575
5613,tt0283832,1958
5617,tt0274812,11013
5618,tt0245429,129
5620,tt0256415,11529
5621,tt0290095,10771
5628,tt0281364,2110
5630,tt0289765,9533
5641,tt0095649,41971
5650,tt0086373,12921
5655,tt0082362,74899
5665,tt0211465,7501
5667,tt0283084,13768
5669,tt0310793,1430
5673,tt0272338,8051
5678,tt0227984,1613
5679,tt0298130,565
5682,tt0252480,15192
5690,tt0095327,12477
5735,tt0077533,12237
5747,tt0082432,11646
5782,tt0082949,1672
5784,tt0288477,9645
5785,tt0322802,9012
5791,tt0120679,1360
5800,tt0058212,26685
5804,tt0304669,9021
5810,tt0298203,65
5812,tt0297884,10712
5816,tt0295297,672
5825,tt0036112,25037
5828,tt0118735,81530
5833,tt0280609,11880
5839,tt0099669,12716
5840,tt0099266,12717
5842,tt0098520,48524
5843,tt0103112,10750
5847,tt0082970,25566
5872,tt0246460,36669
5876,tt0258068,8198
5878,tt0287467,64
5879,tt0271263,13376
5881,tt0307479,2103
5882,tt0133240,9016
5888,tt0118767,20992
5890,tt0279064,6007
5893,tt0110308,25284
5894,tt0177898,125337
5900,tt0289848,9932
5902,tt0268126,2757
5903,tt0238380,7299
5909,tt0290329,4241
5927,tt0083642,16363
5940,tt0083869,28940
5943,tt0252076,7303
5944,tt0253754,201
5945,tt0257360,2755
5951,tt0300214,18602
5952,tt0167261,121
5954,tt0307901,1429
5955,tt0168786,13435
5956,tt0217505,3131
5957,tt0313737,2642
5959,tt0272207,11022
5968,tt0100143,14931
5969,tt0110613,11317
5971,tt0096283,8392
5989,tt0264464,640
5991,tt0299658,1574
5992,tt0274558,590
5995,tt0253474,423
5996,tt0305973,28028
6001,tt0085794,262
6003,tt0290538,4912
6006,tt0305711,12090
6016,tt0317248,598
6017,tt0274428,99885
6041,tt0280653,9045
6049,tt0106833,61807
6058,tt0309593,9358
6059,tt0292506,1647
6060,tt0280720,9027
6072,tt0064323,8286
6093,tt0084237,10150
6104,tt0084352,11949
6119,tt0084555,14645
6130,tt0084704,76395
6155,tt0251127,9919
6156,tt0300471,6038
6157,tt0287978,9480
6159,tt0299458,13132
6166,tt0106701,12139
6169,tt0085248,24883
6170,tt0078872,17264
6177,tt0091575,33055
6184,tt0074851,991
6186,tt0279111,16072
6187,tt0289992,11615
6188,tt0302886,11635
6197,tt0278731,9613
6201,tt0091374,21867
6204,tt0107563,11244
6213,tt0314353,9567
6218,tt0286499,455
6231,tt0047873,43261
6232,tt0060182,15347
6235,tt0099776,8996
6237,tt0047030,17729
6238,tt0099699,12157
6239,tt0052948,11571
6242,tt0178868,2671
6244,tt0096028,45129
6249,tt0285462,9557
6250,tt0285531,6171
6251,tt0323642,13691
6252,tt0264150,11523
6255,tt0060164,2525
6259,tt0036182,18992
6264,tt0298814,9341
6265,tt0325537,9776
6266,tt0286788,10735
6272,tt0116261,62184
6279,tt0281820,6016
6280,tt0266465,8409
6281,tt0183649,1817
6283,tt0275277,11299
6284,tt0337996,17995
6286,tt0311519,7294
6287,tt0305224,9506
6289,tt0297144,24982
6291,tt0300140,12093
6294,tt0245803,11817
6296,tt0310281,13370
6297,tt0311289,8326
6298,tt0328099,13411
6299,tt0301727,11516
6301,tt0067800,994
6303,tt0066769,10514
6305,tt0060390,1714
6308,tt0091396,9930
6322,tt0310910,10743
6323,tt0309698,2832
6324,tt0311110,31459
6325,tt0360916,19153
6331,tt0334405,16636
6332,tt0306841,18736
6333,tt0290334,36658
6338,tt0317303,10708
6345,tt0088915,1816
6349,tt0086998,15259
6350,tt0092067,10515
6358,tt0045963,34857
6365,tt0234215,604
6367,tt0309530,10720
6370,tt0283900,1555
6371,tt0347791,33875
6373,tt0315327,310
6374,tt0314786,5146
6377,tt0266543,12
6378,tt0317740,9654
6379,tt0295700,9902
6380,tt0342172,2260
6383,tt0322259,584
6385,tt0298228,1088
6391,tt0069291,32140
6392,tt0066049,14676
6405,tt0043067,6646
6415,tt0093267,47715
6439,tt0048966,32087
6440,tt0101410,290
6478,tt0068853,33638
6482,tt0329028,10152
6484,tt0329717,11375
6502,tt0289043,170
6503,tt0305357,9471
6535,tt0333780,10327
6536,tt0165982,14411
6537,tt0181852,296
6539,tt0325980,22
6541,tt0311429,8698
6545,tt0300015,17920
6548,tt0172156,8961
6549,tt0319524,17403
6550,tt0274166,9486
6552,tt0301199,3472
6565,tt0329575,4464
6567,tt0252299,9104
6586,tt0328828,8273
6587,tt0299930,8046
6593,tt0322330,10330
6595,tt0257076,9257
6599,tt0054599,12491
6611,tt0045274,833
6614,tt0099819,3101
6617,tt0316356,2055
6618,tt0286112,11770
6620,tt0305206,2771
6638,tt0086525,19053
6643,tt0046438,18148
6650,tt0041546,11898
6658,tt0078721,9051
6663,tt0075066,12268
6664,tt0088944,10999
6666,tt0068361,4593
6668,tt0235060,12276
6669,tt0044741,3782
6695,tt0301470,11351
6708,tt0325805,7270
6709,tt0285823,1428
6711,tt0335266,153
6731,tt0088993,8408
6743,tt0034928,23033
6744,tt0089730,19064
6753,tt0327137,13156
6754,tt0320691,277
6763,tt0266489,7288
6764,tt0327850,10159
6765,tt0328589,10934
6770,tt0314412,20
6772,tt0318202,5168
6773,tt0286244,9662
6774,tt0086541,837
6776,tt0282674,19666
6777,tt0055031,821
6780,tt0103882,1358
6783,tt0031885,776
6787,tt0074119,891
6790,tt0267287,10881
6791,tt0092603,11832
6793,tt0103786,11806
6794,tt0106375,10438
6796,tt0101507,650
6807,tt0085959,4543
6808,tt0065207,11046
6816,tt0094138,13339
6820,tt0210070,9871
6857,tt0107692,14282
6863,tt0332379,1584
6867,tt0340377,2056
6870,tt0327056,322
6873,tt0138524,11775
6874,tt0266697,24
6879,tt0313542,11329
6887,tt0316465,13920
6888,tt0306047,4256
6890,tt0363589,1807
6893,tt0064505,10536
6918,tt0048956,897
6934,tt0242653,605
6936,tt0319343,10719
6942,tt0314331,508
6944,tt0101862,11846
6947,tt0311113,8619
6951,tt0312528,10588
6953,tt0315733,470
6954,tt0338135,11042
6957,tt0307987,10147
6961,tt0104237,11012
6971,tt0101829,9065
6975,tt0119167,10234
6979,tt0086567,860
6983,tt0036969,22744
6985,tt0019254,780
6986,tt0016641,31510
6987,tt0010323,234
6993,tt0091167,5143
6996,tt0102034,8010
6998,tt0107148,47095
7000,tt0102070,9292
7004,tt0099938,951
7008,tt0070849,1643
7010,tt0101316,10995
7013,tt0048424,3112
7019,tt0093793,18410
7022,tt0266308,3176
7023,tt0107156,9261
7034,tt0150662,11634
7040,tt0090180,9846
7042,tt0090563,11986
7059,tt0037120,17641
7060,tt0070239,12545
7062,tt0055798,898
7063,tt0068182,2000
7069,tt0067372,11316
7070,tt0040724,3089
7074,tt0015163,32318
7076,tt0062765,916
7080,tt0024034,3062
7087,tt0087892,15927
7090,tt0299977,79
7091,tt0023027,13912
7092,tt0026071,70881
7093,tt0071524,987
7099,tt0087544,81
7116,tt0046911,827
7121,tt0041090,25431
7122,tt0060908,17685
7123,tt0102511,2742
7132,tt0026778,37719
7137,tt0318374,10744
7139,tt0298845,10511
7143,tt0325710,616
7147,tt0319061,587
7149,tt0337741,6964
7150,tt0338466,1792
7153,tt0167260,122
7155,tt0337909,8696
7156,tt0317910,12698
7158,tt0315983,11093
7160,tt0340855,504
7161,tt0349205,11007
7162,tt0159365,2289
7164,tt0316396,10601
7173,tt0343135,5966
7175,tt0329691,10718
7193,tt0098987,9548
7215,tt0037382,22584
7234,tt0047528,405
7235,tt0296042,9696
7236,tt0072730,4917
7238,tt0052080,5055
7243,tt0006864,3059
7254,tt0289879,1954
7256,tt0379557,11194
7265,tt0309987,1278
7293,tt0343660,1824
7302,tt0015400,28963
7317,tt0356150,9352
7318,tt0335345,615
7319,tt0331953,11217
7320,tt0338096,10677
7323,tt0301357,338
7324,tt0317648,2023
7325,tt0335438,9384
7327,tt0060827,797
7346,tt0265208,10591
7347,tt0363988,1586
7360,tt0363547,924
7361,tt0338013,38
7362,tt0364045,11081
7365,tt0351461,1720
7366,tt0300051,9541
7367,tt0335245,5516
7371,tt0276919,553
7373,tt0167190,1487
7377,tt0301976,13573
7386,tt0049833,6844
7387,tt0077402,923
7395,tt0042327,33839
7396,tt0070644,133919
7419,tt0088680,10843
7437,tt0345074,15673
7438,tt0378194,393
7444,tt0337563,10096
7445,tt0328107,9509
7450,tt0323033,11141
7451,tt0377092,10625
7454,tt0338526,7131
7458,tt0332452,652
7460,tt0379217,883
7482,tt0070034,9461
7489,tt0100557,4339
7502,tt0185906,191903
7505,tt0108906,22137
7541,tt0214388,10035
7569,tt0062512,667
7579,tt0032943,43818
7587,tt0062229,5511
7617,tt0073636,17538
7669,tt0112130,164721
7700,tt0046268,204
7745,tt0107617,19552
7757,tt0057197,11533
7766,tt0050613,3777
7767,tt0346336,11659
7773,tt0288439,16876
7787,tt0048729,16514
7818,tt0054279,36741
7820,tt0053976,11656
7831,tt0031047,14589
7832,tt0037365,14594
7833,tt0034172,14590
7834,tt0027260,14588
7836,tt0066580,9459
7839,tt0033852,20644
7924,tt0041699,30368
7926,tt0057565,12493
7934,tt0086637,11030
7943,tt0038669,14638
7944,tt0058404,14703
7976,tt0209077,7090
7979,tt0064689,42632
7981,tt0338564,10775
7983,tt0087003,12762
7991,tt0072856,13282
8013,tt0282593,20718
8042,tt0070379,203
8119,tt0090888,15392
8121,tt0366532,41277
8128,tt0092593,1786
8131,tt0243508,210937
8132,tt0104346,16219
8154,tt0053779,439
8157,tt0193253,823
8169,tt0092494,11548
8195,tt0053619,5165
8196,tt0065466,5722
8207,tt0069947,4909
8221,tt0111666,38348
8228,tt0022111,28257
8253,tt0079833,15371
8254,tt0106307,11044
8264,tt0073076,17346
8270,tt0100112,11796
8330,tt0054152,25495
8337,tt0046816,10178
8340,tt0079116,10734
8360,tt0298148,809
8361,tt0319262,435
8366,tt0332375,13193
8368,tt0304141,673
8370,tt0363226,246
8371,tt0296572,2789
8376,tt0374900,8193
8387,tt0110857,11546
8405,tt0063759,18333
8464,tt0390521,9372
8485,tt0196069,8341
8486,tt0031067,36488
8493,tt0100133,12651
8528,tt0364725,9472
8529,tt0362227,594
8530,tt0377752,8981
8531,tt0381707,12153
8533,tt0332280,11036
8576,tt0339230,9256
8581,tt0168122,3293
8596,tt0078163,6081
8604,tt0152930,2330
8609,tt0014341,701
8620,tt0056732,29264
8622,tt0361596,1777
8623,tt0093886,11584
8636,tt0316654,558
8638,tt0381681,80
8640,tt0349683,9477
8641,tt0357413,8699
8643,tt0356470,11247
8644,tt0343818,2048
8645,tt0390221,436
8665,tt0372183,2502
8666,tt0327554,314
8670,tt0023563,12206
8677,tt0032475,68064
8690,tt0069280,24559
8729,tt0088315,119623
8738,tt0055572,31522
8757,tt0066016,42593
8765,tt0035432,16703
8769,tt0079152,4201
8781,tt0368008,14462
8783,tt0368447,6947
8784,tt0333766,401
8798,tt0369339,1538
8807,tt0366551,11282
8810,tt0370263,395
8814,tt0364751,10762
8827,tt0083652,20120
8859,tt0270846,31117
8861,tt0318627,1577
8867,tt0348529,2003
8870,tt0356618,10145
8873,tt0318462,1653
8874,tt0365748,747
8879,tt0071877,4176
8906,tt0078935,8689
8907,tt0307453,10555
8910,tt0356721,1599
8911,tt0361696,14024
8913,tt0384810,15503
8914,tt0390384,14337
8916,tt0358135,4380
8917,tt0372588,3989
8923,tt0080009,11121
8930,tt0354575,12456
8933,tt0090985,18499
8937,tt0390022,13416
8947,tt0391198,1970
8948,tt0375173,8849
8949,tt0375063,9675
8950,tt0361862,4553
8951,tt0383694,11109
8957,tt0387564,176
8958,tt0350258,1677
8961,tt0317705,9806
8965,tt0338348,5255
8966,tt0362269,11184
8969,tt0317198,9801
8970,tt0308644,866
8972,tt0368891,2059
8973,tt0275491,140
8981,tt0376541,2288
8982,tt0327919,15397
8983,tt0385004,9550
8984,tt0349903,163
9010,tt0364517,8424
25737,tt0011237,2972
25742,tt0012494,29267
25750,tt0015324,992
25771,tt0020530,626
25773,tt0021079,27899
25826,tt0027884,31773
25850,tt0030241,16274
25870,tt0033712,38914
25899,tt0036723,21622
25971,tt0044486,43358
25977,tt0045469,3023
26007,tt0048752,36439
26073,tt0055233,34530
26078,tt0055728,17185
26111,tt0057877,15421
26131,tt0058946,17295
26133,tt0059026,13187
26150,tt0060107,895
26151,tt0060138,20108
26159,tt0061101,45706
26178,tt0062407,5767
26322,tt0071571,16246
26326,tt0071615,8327
26342,tt0072973,1835
26422,tt0079261,10654
26492,tt0086491,15301
26555,tt0090056,9080
26564,tt0090557,14670
26587,tt0092337,
26603,tt0093777,8852
26614,tt0094791,8677
26649,tt0096639,13057
26662,tt0097814,16859
26693,tt0099864,2670
26694,tt0099902,41821
26702,tt0100469,21168
26729,tt0102015,4539
26743,tt0102587,15080
26776,tt0104652,11621
26838,tt0108170,12664
26903,tt0113824,37797
26915,tt0114733,16233
26925,tt0115819,13063
26939,tt0116752,8214
26974,tt0119237,18415
27032,tt0127357,8697
27033,tt0127392,22140
27036,tt0130414,7096
27114,tt0159784,10429
27156,tt0169858,18491
27162,tt0172543,13777
27163,tt0172684,11854
27251,tt0207275,110147
27317,tt0235198,11075
27357,tt0246692,10751
27362,tt0248126,10757
27373,tt0250934,20536
27391,tt0257850,19448
27410,tt0266425,12900
27416,tt0269389,10978
27482,tt0285492,437
27518,tt0292490,14752
27555,tt0302585,13984
27592,tt0310775,4689
27611,tt0314979,206216
27664,tt0330099,12703
27700,tt0338309,11197
27706,tt0339291,11774
27721,tt0344510,2841
27727,tt0347048,363
27728,tt0347246,12140
27729,tt0347304,4254
27731,tt0347618,15370
27741,tt0351817,12496
27773,tt0364569,670
27788,tt0366627,9667
27803,tt0369702,1913
27815,tt0372824,5528
27820,tt0373861,1114
27821,tt0373926,179
27831,tt0375912,4836
27834,tt0376968,11190
27839,tt0377109,10320
27846,tt0379225,11420
27871,tt0386792,20544
27873,tt0387412,11401
27878,tt0388789,1392
27904,tt0405296,3509
27912,tt0418038,13372
30707,tt0405159,70
30749,tt0395169,205
30793,tt0367594,118
30803,tt0423866,1280
30810,tt0362270,421
30812,tt0338751,2567
30816,tt0293508,9833
30825,tt0290002,693
30894,tt0375210,11804
31049,tt0098042,120328
31156,tt0043255,33475
31158,tt0045468,33472
31160,tt0041085,33477
31193,tt0076363,13716
31225,tt0393162,7214
31260,tt0029942,42390
31364,tt0353969,11423
31410,tt0363163,613
31420,tt0398712,8978
31427,tt0382077,11096
31433,tt0372532,6961
31435,tt0417791,31165
31437,tt0408664,2517
31555,tt0095560,20196
31658,tt0347149,4935
31660,tt0348121,8953
31685,tt0386588,8488
31696,tt0360486,561
31700,tt0317132,17880
31770,tt0042788,19119
31804,tt0403358,3040
31878,tt0373074,9470
31991,tt0023158,31532
32011,tt0257516,10012
32017,tt0395699,10022
32029,tt0340163,2026
32031,tt0358082,9928
32139,tt0058886,36815
32261,tt0037366,18770
32456,tt0110008,15283
32469,tt0048801,5996
32562,tt0382734,21131
32587,tt0401792,187
32596,tt0318649,7364
32598,tt0332047,11431
32659,tt0274155,2029
32840,tt0084868,32085
32898,tt0000417,775
32914,tt0319970,7342
33004,tt0371724,7453
33085,tt0384806,10065
33150,tt0354595,29078
33154,tt0413845,13020
33158,tt0329774,11679
33162,tt0320661,1495
33166,tt0375679,1640
33437,tt0342258,10027
33493,tt0121766,1895
33499,tt0369735,4379
33603,tt0393775,19398
33615,tt0351283,953
33639,tt0438205,14358
33646,tt0398165,9291
33660,tt0352248,921
33669,tt0403508,9779
33672,tt0355702,9787
33679,tt0356910,787
33681,tt0424774,14199
33760,tt0038303,43471
33794,tt0372784,272
33815,tt0380623,15648
33830,tt0400497,11451
33880,tt0415978,1382
33893,tt0395125,9534
33903,tt0408777,276
34048,tt0407304,74
34072,tt0428803,1667
34150,tt0120667,9738
34153,tt0436613,14278
34162,tt0396269,9522
34198,tt0409184,1826
34319,tt0399201,1635
34334,tt0382992,10048
34336,tt0417001,11648
34359,tt0060453,42719
34405,tt0379786,16320
34437,tt0412019,308
34520,tt0377818,6519
34528,tt0418773,1444
34530,tt0367652,11453
34532,tt0397101,9913
35836,tt0405422,6957
35957,tt0421239,11460
36086,tt0112870,19404
36363,tt0091341,20874
36401,tt0355295,4442
36517,tt0387131,1985
36525,tt0425123,9007
36527,tt0377107,9777
36529,tt0399295,1830
36535,tt0404030,340
36708,tt0385690,65215
37386,tt0402022,8202
37495,tt0430651,16133
37720,tt0404032,8643
37727,tt0408790,9315
37729,tt0121164,3933
37731,tt0385002,8923
37733,tt0399146,59
37741,tt0379725,398
37830,tt0385700,647
37853,tt0378109,11968
37857,tt0366780,14517
38038,tt0312004,533
38061,tt0373469,5236
38159,tt0095467,31056
38304,tt0367555,19082
38798,tt0388125,11931
38886,tt0367089,10707
39052,tt0472566,15493
39183,tt0388795,142
39292,tt0433383,3291
39427,tt0371257,8066
39435,tt0386140,1656
39446,tt0432348,215
39715,tt0436058,8274
40278,tt0418763,25
40337,tt0426155,15083
40339,tt0371606,9982
40583,tt0365737,231
40614,tt0398017,8999
40629,tt0414387,4348
40723,tt0416315,9885
40815,tt0330373,674
40819,tt0358273,69
40962,tt0443295,13499
40988,tt0045883,6529
41285,tt0416320,116
41425,tt0384929,41189
41527,tt0445620,67
41566,tt0363771,411
41569,tt0360717,254
41571,tt0397535,1904
41573,tt0356680,9043
41716,tt0365485,9515
41863,tt0419294,8053
41997,tt0408306,612
42004,tt0407265,546
42009,tt0452598,9641
42015,tt0402894,9681
42632,tt0451094,4550
42723,tt0450278,1690
42725,tt0456554,9900
42728,tt0375154,9044
42734,tt0443536,10982
43333,tt0240200,7509
43396,tt0412080,9912
43560,tt0396752,11283
43652,tt0451021,16452
43677,tt0114745,31894
43679,tt0414982,9286
43917,tt0397313,9036
43930,tt0397078,10025
43936,tt0450232,2207
44004,tt0427229,6877
44022,tt0438097,950
44191,tt0434409,752
44193,tt0454945,9655
44195,tt0427944,9388
44199,tt0454848,388
44204,tt0468565,868
44555,tt0405094,582
44665,tt0425210,186
44694,tt0441909,219
44709,tt0437800,13751
44761,tt0393109,9270
44974,tt0424136,2652
45081,tt0384537,588
45186,tt0317919,956
45210,tt0475276,9829
45431,tt0327084,7518
45447,tt0382625,591
45499,tt0376994,36668
45517,tt0317219,920
45658,tt0410400,38344
45666,tt0457510,9353
45672,tt0389860,9339
45720,tt0458352,350
45722,tt0383574,58
45726,tt0463034,1819
45728,tt0424345,2295
45950,tt0497116,1781
46322,tt0446059,7549
46335,tt0463985,9615
46337,tt0455499,9513
46347,tt0478209,20604
46430,tt0456020,9917
46530,tt0348150,1452
46578,tt0449059,773
46723,tt0449467,1164
46850,tt0492506,35199
46965,tt0417148,326
46970,tt0415306,9718
46972,tt0477347,1593
46976,tt0420223,1262
47044,tt0430357,82
47099,tt0454921,1402
47124,tt0429589,9906
47200,tt0479884,1948
47382,tt0462590,9762
47423,tt0468489,7859
47491,tt0418455,1023
47601,tt0049743,26502
47610,tt0443543,1491
47629,tt0436697,1165
47644,tt0445990,11652
47810,tt0450345,9708
47860,tt0084157,39382
47894,tt0460989,1116
47950,tt0427969,1249
47997,tt0387808,7512
47999,tt0486358,1776
48043,tt0414993,1381
48082,tt0354899,300
48142,tt0387877,9676
48231,tt0410730,15742
48304,tt0472043,1579
48326,tt0405676,1717
48346,tt0110300,15997
48385,tt0443453,496
48394,tt0457430,1417
48516,tt0407887,1422
48600,tt0430431,15005
48696,tt0404203,1440
48711,tt0805526,18925
48738,tt0455590,1523
48744,tt0367027,1378
48774,tt0206634,9693
48780,tt0482571,1124
48783,tt0418689,3683
48877,tt0489270,214
48943,tt0457297,14620
48982,tt0424095,11619
48997,tt0396171,1427
49130,tt0401445,9726
49272,tt0381061,36557
49278,tt0453467,7551
49284,tt0499603,2357
49286,tt0457939,1581
49530,tt0450259,1372
49649,tt0449010,2486
49666,tt0422295,18615
49772,tt0446755,14202
49793,tt0758794,11170
49822,tt0343737,1247
49856,tt0487503,8436
49910,tt0463998,1646
49932,tt0460829,1730
49961,tt0465551,1259
50068,tt0498380,1251
50189,tt0808146,8275
50685,tt0473308,10758
50740,tt0058578,51863
50792,tt0395495,13668
50802,tt0490084,1257
50804,tt0367959,1248
50872,tt0382932,2062
50912,tt0401711,2266
50954,tt0482527,37725
51063,tt0425601,9958
51077,tt0259324,1250
51084,tt0758766,11172
51086,tt0481369,3594
51174,tt0432402,12271
51255,tt0425112,4638
51372,tt0173714,26598
51471,tt0454776,15163
51540,tt0443706,1949
51575,tt0486946,11199
51660,tt0482629,14624
51662,tt0416449,1271
51698,tt0768212,2267
51705,tt0482088,6691
51709,tt0468492,1255
51884,tt0433416,16727
51931,tt0490204,2355
51935,tt0822854,7485
51939,tt0453556,1273
52241,tt0427470,8270
52245,tt0445934,9955
52281,tt0462322,253768
52287,tt0396555,1267
52319,tt0076584,22311
52328,tt0448134,1272
52356,tt0424908,1590
52435,tt0060345,13377
52458,tt0486822,8271
52579,tt0450188,1407
52604,tt0488120,6145
52644,tt0452702,10294
52722,tt0413300,559
52885,tt0851578,4977
52952,tt0480025,11798
52973,tt0478311,4964
52975,tt0427327,2976
53000,tt0463854,1562
53024,tt0762111,36676
53121,tt0413267,810
53123,tt0907657,5723
53125,tt0449088,285
53129,tt0780571,3432
53161,tt0497137,5488
53318,tt0460740,12225
53322,tt0496806,298
53435,tt0498353,1691
53464,tt0486576,1979
53519,tt1028528,1991
53592,tt0461694,1294
53769,tt0989000,13120
53894,tt0386032,2359
53956,tt0795368,2196
53972,tt0337978,1571
53993,tt0413099,2698
53996,tt0418279,1858
54001,tt0373889,675
54185,tt0832903,24582
54190,tt0445922,4688
54259,tt0486655,2270
54272,tt0462538,35
54281,tt0423977,8669
54286,tt0440963,2503
54372,tt0362225,10795
54503,tt0829482,8363
54648,tt0293564,5174
54732,tt0424823,9750
54736,tt0431197,4349
54745,tt0477078,13068
54796,tt0841044,1845
54881,tt0923752,13958
54995,tt1077258,1992
54997,tt0381849,5176
54999,tt0465602,4141
55031,tt0346952,14348
55052,tt0783233,4347
55069,tt1032846,2009
55080,tt0476964,4413
55098,tt0405508,7913
55118,tt0765443,2252
55232,tt0432021,7737
55245,tt0452625,10030
55247,tt0758758,5915
55259,tt0484562,2274
55267,tt0480242,7211
55269,tt0838221,4538
55274,tt0414055,4517
55276,tt0465538,4566
55280,tt0805564,6615
55282,tt0389722,4513
55286,tt0469623,3877
55290,tt0452623,4771
55363,tt0443680,4512
55442,tt0808417,2011
55444,tt0421082,5708
55451,tt0866437,5951
55577,tt0890870,663
55721,tt0861739,7347
55729,tt0388182,5718
55732,tt0415965,5126
55765,tt0765429,4982
55768,tt0389790,5559
55805,tt0292963,7972
55814,tt0401383,2013
55820,tt0477348,6977
55872,tt0426931,5123
55908,tt0756683,13363
55995,tt0442933,2310
55999,tt0457419,2284
56012,tt0910873,16768
56145,tt0884328,5876
56152,tt0461770,4523
56156,tt0465494,1620
56169,tt0211933,13483
56171,tt0385752,2268
56174,tt0480249,6479
56251,tt0471711,7249
56339,tt0464141,6537
56367,tt0467406,7326
56432,tt0064816,4946
56587,tt0825232,7350
56715,tt0477139,13198
56719,tt0478829,14804
56757,tt0408236,13885
56775,tt0465234,6637
56782,tt0469494,7345
56788,tt0472062,6538
56801,tt0758730,440
56805,tt0841046,6575
56835,tt0417056,19213
56885,tt0427309,14047
56941,tt0431308,6023
56949,tt0988595,6557
57223,tt0372873,10253
57368,tt1060277,7191
57401,tt0896798,13252
57504,tt0808506,14069
57528,tt0462499,7555
57532,tt1073498,7278
57669,tt0780536,8321
57951,tt0770752,8676
58025,tt0489099,8247
58047,tt0832266,8390
58105,tt0416236,8204
58107,tt1023481,8328
58111,tt0449994,14073
58154,tt0467200,12184
58156,tt0839980,13260
58162,tt0425413,7942
58293,tt0443649,7840
58295,tt0200465,8848
58303,tt0813547,7862
58315,tt0811138,12177
58347,tt0472160,7985
58351,tt0870090,7343
58376,tt1166827,13016
58425,tt1094594,14793
58432,tt0486674,8944
58554,tt0988108,28205
58559,tt0468569,155
58627,tt1023111,8456
58803,tt0478087,8065
58972,tt0410377,10488
58998,tt0800039,9870
59018,tt0857191,12473
59103,tt0865556,1729
59118,tt1045670,10503
59315,tt0371746,1726
59333,tt0866439,10761
59369,tt0936501,8681
59387,tt0460791,14784
59421,tt1033643,9029
59429,tt0974959,8277
59501,tt0499448,2454
59549,tt0942384,17483
59594,tt0884224,13191
59615,tt0367882,217
59725,tt1000774,4564
59784,tt0441773,9502
59846,tt0020030,79761
59900,tt0960144,10661
59985,tt0460745,12912
59995,tt1078188,14748
60040,tt0800080,1724
60069,tt0910970,10681
60072,tt0493464,8909
60074,tt0448157,8960
60128,tt0913445,13019
60161,tt1054485,12889
60336,tt0091497,64131
60382,tt1157705,16800
60397,tt0795421,11631
60408,tt1064932,8265
60487,tt0060550,13353
60514,tt0373051,88751
60516,tt0765476,11260
60526,tt0472071,13910
60647,tt0800241,6687
60684,tt0409459,13183
60753,tt1117385,13012
60756,tt0838283,12133
60816,tt1079959,13541
60857,tt0801526,16725
60937,tt0859163,1735
60950,tt0497465,5038
60979,tt1117563,13851
61024,tt0910936,10189
61071,tt1018785,10188
61132,tt0942385,7446
61160,tt1185834,12180
61167,tt1029120,13107
61236,tt1185616,8885
61240,tt1139797,13310
61248,tt0452608,10483
61250,tt0852713,12620
61262,tt0790686,13515
61323,tt0887883,4944
62049,tt0048918,1984
62155,tt0981227,12182
62203,tt1029234,9539
62265,tt0809504,13401
62336,tt0279077,225130
62344,tt1084950,14976
62376,tt0970411,13600
62434,tt1007028,10358
62437,tt1175491,10523
62511,tt0383028,4960
62644,tt1063669,7735
62799,tt0469903,14325
62849,tt1032755,13809
62956,tt1054486,13253
62999,tt0479952,10527
63062,tt0824747,3580
63072,tt0898367,20766
63082,tt1010048,12405
63113,tt0830515,10764
63131,tt0430922,15373
63433,tt0387736,13905
63436,tt1132626,11917
63540,tt1014775,14405
63859,tt0397892,13053
63876,tt1013753,10139
63992,tt1099212,8966
64030,tt1129442,13387
64034,tt0914798,14574
64231,tt0450314,13056
64499,tt0892255,8881
64508,tt0844760,11127
64614,tt1205489,13223
64620,tt0870111,11499
64622,tt0976051,8055
64660,tt0476681,5816
64716,tt0814314,11321
64839,tt1125849,12163
64957,tt0421715,4922
64969,tt1068680,10201
64993,tt0983213,38142
64997,tt0449040,34812
64999,tt1183733,16268
65130,tt0959337,4148
65133,tt0212579,194113
65135,tt0094754,51247
65188,tt1152758,15584
65225,tt1332128,13180
65514,tt1220719,14756
65577,tt0420238,10199
65585,tt0901476,10521
65596,tt1259014,13635
65612,tt0092732,52886
65642,tt0480669,14139
65802,tt1114740,14560
66097,tt0327597,14836
66171,tt0465580,13455
66198,tt0963178,4959
66203,tt1001508,10184
66304,tt0785006,15189
66371,tt1069238,16804
66385,tt1019454,25405
66665,tt1176740,19255
66798,tt0838232,15159
66934,tt1227926,14301
67087,tt1155056,16538
67193,tt1135487,16558
67255,tt1132620,15472
67295,tt1287845,15854
67408,tt0892782,15512
67665,tt1157605,18094
67695,tt1197628,16991
67734,tt1091722,16614
67799,tt1234541,16258
67867,tt1098327,14164
67923,tt1013752,13804
67997,tt1226774,19833
68073,tt1131729,18947
68099,tt0180443,128857
68135,tt0974661,16996
68157,tt0361748,16869
68159,tt0473705,16995
68205,tt1121931,15092
68237,tt1182345,17431
68263,tt1038043,33974
68319,tt0458525,2080
68358,tt0796366,13475
68472,tt0910559,6461
68519,tt1231277,17532
68522,tt0393597,10946
68554,tt0808151,13448
68791,tt0438488,534
68793,tt1078912,18360
68848,tt0844286,21755
68932,tt0821642,17332
68952,tt1127180,16871
68954,tt1049413,14160
69027,tt1167660,15588
69069,tt1083456,17927
69122,tt1119646,18785
69134,tt0870984,17609
69227,tt0106827,34300
69394,tt1277737,33409
69406,tt1041829,18240
69436,tt1045778,17610
69481,tt0887912,12162
69498,tt0042906,50030
69524,tt0772251,62128
69526,tt1055369,8373
69644,tt1080016,8355
69714,tt1144804,10788
69757,tt1022603,19913
69784,tt0889583,18480
69844,tt0417741,767
69904,tt0470055,9592
69945,tt0046969,20174
69951,tt1054606,8054
69992,tt0829297,14843
70015,tt1194238,22302
70159,tt1148204,21208
70183,tt1142988,20943
70286,tt1136608,17654
70293,tt1135503,24803
70305,tt1075417,13836
70334,tt1114677,18126
70336,tt1046173,14869
70361,tt1160368,17134
70599,tt0452694,24420
70728,tt1172570,18533
70932,tt0865559,23049
71033,tt1305806,25376
71057,tt0472033,12244
71106,tt0910554,22494
71108,tt1149362,37903
71131,tt1000764,63581
71156,tt1234548,10313
71205,tt1131734,19994
71211,tt1130080,11323
71252,tt1144884,19912
71254,tt1034032,18501
71264,tt0844471,22794
71304,tt0762073,22536
71325,tt0899106,25643
71374,tt0354623,12699
71379,tt1179904,23827
71460,tt1084972,22717
71464,tt1019452,12573
71466,tt1174730,28053
71468,tt1071804,24869
71535,tt1156398,19908
71558,tt0037492,46068
71560,tt0042179,33474
71579,tt1174732,24684
71591,tt0044320,63795
71664,tt0047794,33476
71668,tt1078940,19899
71688,tt1093370,11807
71876,tt1129445,8915
71899,tt0978762,24238
72011,tt1193138,22947
72129,tt1233227,22804
72165,tt0450405,24418
72209,tt0375568,16577
72226,tt0432283,10315
72378,tt1190080,14161
72393,tt1220198,22824
72395,tt0929632,25793
72405,tt1095217,11699
72407,tt1259571,18239
72483,tt0435679,14859
72554,tt1242422,33273
72641,tt0878804,22881
72720,tt1315981,34653
72731,tt0380510,7980
72733,tt1057500,22954
72737,tt0780521,10198
72919,tt1314228,24438
72998,tt0499549,19995
73017,tt0988045,10528
73023,tt1263670,25196
73042,tt1231580,23398
73211,tt1226681,23963
73266,tt0403702,22327
73268,tt0433362,19901
73319,tt1216492,25195
73321,tt1037705,20504
73323,tt1343097,33613
73344,tt1235166,21575
73513,tt0367110,15774
73759,tt0495212,
73881,tt1187043,20453
73929,tt1038686,22894
74064,tt1170391,21033
74154,tt1185416,13477
74228,tt1187064,26466
74324,tt1278469,33602
74327,tt0926759,12169
74416,tt1232776,24469
74450,tt0817230,32856
74458,tt1130884,11324
74530,tt0814255,32657
74668,tt1247640,15357
74688,tt0989757,22971
74698,tt0808510,23023
74754,tt0368226,17473
74789,tt1014759,12155
74795,tt0947810,22972
74946,tt0815236,34016
75374,tt1140941,16763
75395,tt1323045,44363
75805,tt1038919,27573
76093,tt0892769,10191
76175,tt0800320,18823
76210,tt1303828,34769
76251,tt1250777,23483
76293,tt1279935,35056
77154,tt1159961,47813
77208,tt0964586,29989
77364,tt0480255,34813
77455,tt1587707,39452
77561,tt1228705,10138
77658,tt0081846,205300
77719,tt0102050,10171
77800,tt1341167,37495
77846,tt0118528,12219
78039,tt1120985,46705
78088,tt1462758,26388
78105,tt0473075,9543
78174,tt1261945,37786
78264,tt1212436,34806
78316,tt0892318,37056
78349,tt1258197,29917
78410,tt1392744,30695
78469,tt0429493,34544
78499,tt0435761,10193
78574,tt1399683,39013
78637,tt0892791,10192
78772,tt1325004,24021
79006,tt0416716,76180
79008,tt1308667,16023
79091,tt1323594,20352
79132,tt1375666,27205
79251,tt1273235,73861
79293,tt0944835,27576
79318,tt1396557,42918
79357,tt0485947,31011
79553,tt1386932,37472
79588,tt1438254,37950
79590,tt1205535,24122
79695,tt1320253,27578
79702,tt0446029,22538
79720,tt1313092,44629
79895,tt1179025,35552
79987,tt1329457,31900
80166,tt0889573,41210
80219,tt0985694,23631
80361,tt1024733,4204
80463,tt1285016,37799
80549,tt1282140,37735
80590,tt1027718,33909
80615,tt1219342,41216
80617,tt1287468,39691
80693,tt0804497,43923
80839,tt1028576,39486
80846,tt1314655,44040
80860,tt1055292,38408
80862,tt1584016,42296
80864,tt1182350,38031
80906,tt1645089,44639
80917,tt1470827,43933
80969,tt1334260,42188
81132,tt1612774,45649
81229,tt1245526,39514
81270,tt0872230,43931
81512,tt1212419,44603
81535,tt1477076,41439
81537,tt1231583,41733
81562,tt1542344,44115
81564,tt1001526,38055
81591,tt0947798,44214
81782,tt0477080,44048
81784,tt1126618,38357
81788,tt1458175,43539
81819,tt1164999,45958
81834,tt0926084,12444
81845,tt1504320,45269
81847,tt0398286,38757
81910,tt1326733,41999
81932,tt0964517,45317
82037,tt1568334,43924
82143,tt0437806,14463
82167,tt0758752,43347
82202,tt1243957,37710
82242,tt1401143,48395
82378,tt1175709,46503
82459,tt1403865,44264
82461,tt1104001,20526
82463,tt1431181,44009
82667,tt1588170,49797
82744,tt1433108,41283
82767,tt0935075,27585
82852,tt0970866,39451
83180,tt1572769,50420
83219,tt1059955,15302
83264,tt1610452,52696
83270,tt1371155,46138
83337,tt0272736,26277
83374,tt1032751,46528
83480,tt0479997,23047
84137,tt1314652,45202
84152,tt1219289,51876
84187,tt0860906,22843
84273,tt1781069,54293
84392,tt1189340,50348
84395,tt1161864,48171
84570,tt1555064,45272
84601,tt1401152,48138
84772,tt1092026,39513
84775,tt1322385,46789
84847,tt1366312,183894
84944,tt1192628,44896
84954,tt1385826,38050
85056,tt1464540,46529
85131,tt1217613,44943
85179,tt1474276,28874
85342,tt1555149,47931
85414,tt0945513,45612
85438,tt1229822,38684
85510,tt0978764,23629
85736,tt1334585,13413
85788,tt1591095,49018
86190,tt0993842,50456
86293,tt1334512,49012
86298,tt1436562,46195
86320,tt1527186,62215
86332,tt0800369,10195
86345,tt1421373,45523
86347,tt1190722,30969
86377,tt0927619,24447
86504,tt0405455,167966
86548,tt1067583,55787
86781,tt1255953,46738
86815,tt1596346,43959
86817,tt0491152,49022
86833,tt1478338,55721
86880,tt1298650,1865
86882,tt1605783,59436
86898,tt0478304,8967
86911,tt1411697,45243
87004,tt1440266,57276
87028,tt1265990,49950
87222,tt1302011,49444
87232,tt1270798,49538
87234,tt1440292,49020
87298,tt1531663,45658
87308,tt0780362,15533
87520,tt1399103,38356
87529,tt1240982,38319
87869,tt1499658,51540
87876,tt1216475,49013
87921,tt1369706,45657
88118,tt1334553,66195
88125,tt1201607,12445
88129,tt0780504,64690
88140,tt0458339,1771
88163,tt1570728,50646
88179,tt1563738,51828
88405,tt1632708,50544
88672,tt1637706,59968
88699,tt1500491,51620
88744,tt1318514,61791
88810,tt1454029,50014
88837,tt1295072,46584
89039,tt1549572,55420
89492,tt1210166,60308
89554,tt1562872,61202
89745,tt0848228,24428
89753,tt1340800,49517
89759,tt1832382,60243
89774,tt1291584,59440
89864,tt1306980,40807
89904,tt1655442,74643
89939,tt0041414,123723
90264,tt0207653,131098
90405,tt1637688,49530
90430,tt1692486,72113
90524,tt1600195,59965
90600,tt1614989,70670
90647,tt0448694,58423
90746,tt0983193,17578
90863,tt1113829,75964
90866,tt0970179,44826
91077,tt1033575,65057
91266,tt1071358,15157
91485,tt1764651,76163
91500,tt1392170,70160
91529,tt1345836,49026
91542,tt1515091,58574
91622,tt1625346,57157
91653,tt1389137,74465
91658,tt1568346,65754
91842,tt1524137,77866
91844,tt0871510,14163
91890,tt1007029,71688
91974,tt1496025,52520
92058,tt1530509,74997
92259,tt1675434,77338
92420,tt1706593,76726
92507,tt1599348,59961
92535,tt2112999,80379
92643,tt2011971,78480
92751,tt1700258,53174
92793,tt0160801,215478
92954,tt1073510,21634
93040,tt0098769,26397
93212,tt1673702,52264
93265,tt1630036,72213
93272,tt1482459,73723
93363,tt0401729,49529
93443,tt1456635,74387
93467,tt1274296,48373
93510,tt1232829,64688
93721,tt1772925,80767
93790,tt1683526,74308
93840,tt1259521,22970
93892,tt1565958,51991
93923,tt1395025,85050
94070,tt1412386,74534
94466,tt2085059,
94480,tt1104123,13486
94661,tt1434447,26815
94677,tt1645170,76493
94864,tt1446714,70981
94893,tt1462054,35691
94959,tt1748122,83666
94969,tt1821480,82825
95088,tt1862079,84332
95167,tt1217209,62177
95207,tt1611224,72331
95441,tt1637725,72105
95510,tt0948470,1930
95558,tt2125435,84175
95744,tt1602472,84165
95858,tt0248808,13930
96054,tt0889665,49084
96079,tt1074638,37724
96281,tt1623288,77174
96411,tt2076781,76360
96565,tt1920849,84174
96588,tt1981677,114150
96610,tt1276104,59967
96737,tt1343727,49049
96821,tt1659337,84892
96829,tt2106476,103663
96861,tt1397280,82675
97304,tt1024648,68734
97306,tt1931533,86838
97662,tt1817676,82618
97752,tt1371111,83542
97913,tt1772341,82690
97921,tt1045658,82693
97938,tt0454876,87827
98154,tt0443272,72976
98243,tt1446192,81188
98491,tt2388725,140420
98604,tt1798188,83389
98809,tt0903624,49051
98956,tt2082197,127501
99112,tt0790724,75780
99114,tt1853728,68718
99117,tt1758830,89492
99145,tt1649419,80278
99149,tt1707386,82695
99243,tt0182357,35818
99574,tt2091473,133694
99669,tt0159241,31022
99731,tt2112131,147405
99813,tt2166834,142061
100068,tt1911553,85872
100383,tt2053463,109421
100436,tt2309788,127918
100498,tt1606378,47964
100714,tt2209418,132344
100727,tt1949548,134215
100745,tt2608732,50275
101088,tt1682180,86825
101142,tt0481499,49519
101186,tt2070776,136403
101360,tt1911644,158011
101498,tt1964624,121875
101640,tt0461936,17501
101719,tt0254481,25516
101765,tt1986843,133698
101864,tt1483013,75612
101895,tt0453562,109410
101962,tt2140203,110420
101973,tt1433811,127517
102033,tt1980209,134374
102125,tt1300854,68721
102194,tt1935179,103731
102445,tt1408101,54138
102684,tt1602613,77987
102686,tt1951261,109439
102880,tt1815862,82700
102903,tt1670345,75656
102993,tt1727388,147773
103042,tt0770828,49521
103048,tt2179116,156700
103059,tt1674773,121873
103137,tt2132285,96936
103141,tt1453405,62211
103228,tt1663662,68726
103235,tt1924396,152742
103249,tt0816711,72190
103335,tt1690953,93456
103539,tt1714206,157386
103810,tt1821694,146216
103980,tt2334873,160588
103984,tt2358891,179144
104069,tt2510998,185574
104218,tt2191701,109418
104283,tt2013293,149870
104339,tt2294677,157360
104374,tt2194499,122906
104379,tt2112124,205022
104841,tt1454468,49047
104879,tt1392214,146233
104913,tt1979320,96721
105355,tt2278871,152584
105504,tt1535109,109424
105531,tt1745686,115442
105653,tt1211956,107846
105769,tt1821641,152795
105844,tt2024544,76203
106002,tt1731141,80274
106100,tt0790636,152532
106332,tt2492916,159151
106438,tt2431286,205220
106487,tt1951264,101299
106489,tt1170358,57158
106642,tt2779318,253941
106696,tt2294629,109445
106782,tt0993846,106646
106916,tt1800241,168672
106918,tt0359950,116745
106920,tt1798709,152601
106983,tt2752200,184314
107067,tt1331115,64632
107141,tt2140373,140823
107196,tt1817287,167502
107314,tt1321511,87516
107348,tt1229340,109443
107406,tt1706620,110415
107883,tt2350496,191714
108190,tt1840309,157350
108548,tt0898266,
108583,tt0072500,
108791,tt1625150,100898
108825,tt1981107,157841
108928,tt2177771,152760
108932,tt1490017,137106
108979,tt0213338,314040
109096,tt0119861,25519
109187,tt2333804,157834
109374,tt2278388,120467
109455,tt2980794,252841
109487,tt0816692,157336
109633,tt2591814,198375
109848,tt1441395,97370
110102,tt1843866,100402
110586,tt2234003,157832
110796,tt2392326,209350
111113,tt2004420,195589
111255,tt1280558,19703
111266,tt1890373,82529
111360,tt2872732,240832
111362,tt1877832,127585
111443,tt2883512,212778
111659,tt1587310,102651
111759,tt1631867,137113
111781,tt2381249,177677
111795,tt1647668,198185
111921,tt2582846,222935
112087,tt2414766,218425
112138,tt2294449,187017
112171,tt0455944,156022
112175,tt1646971,82702
112183,tt2562232,194662
112290,tt1065073,85350
112399,tt2714900,169607
112421,tt1605717,171372
112552,tt2582802,244786
112556,tt2267998,210577
112623,tt2103281,119450
112852,tt2015381,118340
112897,tt2333784,138103
112905,tt2215477,235984
113064,tt2967006,242088
113275,tt2980648,228194
113345,tt1617661,76757
113378,tt0435651,227156
113453,tt1924435,193893
113604,tt1355630,249164
113760,tt1173686,25747
114180,tt1790864,198663
114426,tt3244992,257451
114439,tt2402157,254904
114554,tt2576852,149871
114662,tt2179136,190859
114795,tt0829150,49017
114935,tt2397535,206487
114945,tt1181840,204436
115122,tt3416742,246741
115149,tt2911666,245891
115210,tt2713180,228150
115569,tt2872718,242582
115617,tt2245084,177572
115667,tt1638002,200727
115680,tt2669336,273271
115713,tt0470752,264660
115998,tt2107814,130747
116138,tt2802154,265180
116177,tt0025731,196802
116797,tt2084970,205596
116823,tt1951265,131631
116897,tt3011894,265195
116977,tt2096672,100042
117176,tt2980516,266856
117464,tt2215395,159121
117529,tt0369610,135397
117533,tt4044364,293310
117851,tt1911658,270946
117881,tt3316960,284293
117895,tt4046784,294254
118696,tt2310332,122917
118702,tt1809398,227306
118930,tt3823690,308571
118997,tt2180411,224141
119141,tt2788710,228967
119145,tt2802144,207703
120138,tt2338151,297222
120466,tt1823672,198184
120635,tt2446042,260346
120799,tt1340138,87101
120813,tt1503646,27317
121231,tt3235888,270303
122882,tt1392190,76341
122884,tt3195644,280092
122886,tt2488496,140607
122892,tt2395427,99861
122900,tt0478970,102899
124859,tt2039393,284536
125916,tt2322441,216015
127096,tt2436386,227719
127098,tt4368814,321594
127202,tt2582496,308369
128512,tt3622592,286565
128838,tt2554274,201085
129354,tt2381941,256591
130073,tt1661199,150689
130083,tt2917388,228968
130448,tt1029360,243688
130490,tt2908446,262500
130628,tt3318220,244063
130634,tt2820852,168259
130978,tt0087650,32334
131796,tt2404425,304357
131842,tt1661820,276902
132046,tt1964418,158852
132136,tt2194826,312797
132157,tt3450650,256961
132456,tt0456144,21461
132796,tt2126355,254128
133389,tt3767372,332835
133767,tt0109117,58128
133771,tt3464902,254320
134130,tt3659388,286217
134158,tt2948790,333381
134170,tt3472226,251516
134332,tt0995031,19025
134368,tt3079380,238713
134528,tt1243974,222936
134777,tt2176013,132316
134779,tt1740710,74458
134853,tt2096673,150540
135133,tt1951266,131634
135166,tt2088735,157289
135288,tt3168230,280996
135769,tt0211934,41902
135777,tt0495034,19670
135861,tt2637276,214756
135875,tt3322420,247645
135887,tt2293640,211672
136449,tt1260502,14092
136497,tt0466460,15412
136598,tt1524930,296099
138036,tt1638355,203801
139385,tt1663202,281957
139644,tt3397884,273481
139763,tt0059163,258521
140174,tt3170832,264644
140247,tt4178092,328425
140529,tt2752772,283445
142507,tt1596345,245698
